basin,NH_NSE,GNN_NSE,improvement
89007,-4.357030778123147,-2.837499127788047,1.5195316503351002
39065,0.107717316294478,0.477239857333631,0.369522541039153
42026,0.3779403449663242,0.673822449236833,0.29588210427050876
39012,0.4739041269758833,0.726873646846206,0.25296951987032273
39029,0.5597664785545462,0.7778057941475872,0.21803931559304102
39010,0.4827789341778014,0.7004605534939368,0.2176816193161354
41001,0.1824056298524456,0.3940641875652958,0.21165855771285022
40033,0.4740750523886261,0.67935834984408,0.20528329745545387
39061,0.3584801234739783,0.5274017179477462,0.16892159447376787
39014,0.3295105396857106,0.4924888198056268,0.16297828011991622
39022,0.6475545167458086,0.777600836840088,0.1300463200942794
28060,0.6610920713646646,0.7870848505004229,0.12599277913575824
42001,0.5740671429225865,0.6724173206961105,0.09835017777352395
37009,0.7290245828024757,0.8257809052985121,0.09675632249603638
68005,0.7101094731921849,0.806613563971736,0.09650409077955113
39069,0.6792792423947678,0.7746976622471384,0.09541841985237065
29003,0.8244628731154211,0.9138299859225978,0.08936711280717669
26003,0.8526367501471999,0.9402738031803152,0.08763705303311531
29002,0.7953152074187332,0.8780404014264697,0.08272519400773648
44009,0.7281633828779654,0.8095812051741362,0.08141782229617078
11001,0.7397520339260213,0.8124494835983294,0.07269744967230807
39011,0.7210834602066645,0.7936804677608217,0.07259700755415721
31023,0.213075146522181,0.2815664784307093,0.0684913319085283
33054,0.5643662671612357,0.6321007343706767,0.06773446720944098
30004,0.6873034925685213,0.7528872460521766,0.0655837534836553
39056,0.6466055084901424,0.7120533022694023,0.06544779377925991
41012,0.6216551376877348,0.6865904826469844,0.06493534495924957
37033,0.4204862411058295,0.4854168674823942,0.06493062637656472
41011,0.7224028896510575,0.7872550165283095,0.06485212687725206
31025,0.7049879327801953,0.7691849695361181,0.06419703675592281
60006,0.7512210538154102,0.813647914864564,0.06242686104915385
38017,0.753323732607651,0.8141320102435451,0.06080827763589414
69043,0.7909009168764376,0.8492435439172225,0.058342627040784856
54015,0.7719504965457411,0.8293401149431601,0.05738961839741896
54017,0.6952404484930546,0.7523638406069358,0.05712339211388129
53006,0.8016202325161889,0.8586152455231485,0.05699501300695964
8011,0.6021123239170447,0.6577297889190115,0.05561746500196674
37020,0.7124939897037628,0.7670635304268688,0.05456954072310605
33028,0.7914330423143048,0.8443873693244026,0.052954327010097835
54004,0.8089236982471115,0.8602691183952998,0.051345420148188325
15021,0.4386200397766081,0.4881702833941647,0.04955024361755661
68003,0.8045430459137822,0.8530403779835473,0.04849733206976503
47014,0.7419071689705627,0.790327402529041,0.04842023355847824
29005,0.5845076962259995,0.6328202616173748,0.048312565391375295
41003,0.6394714278481686,0.6876844961999009,0.048213068351732336
54020,0.8153957265031474,0.8609893809884366,0.04559365448528918
44002,0.8517137309613264,0.8970430852643596,0.0453293543030332
33058,0.6627335621597843,0.7075525617678772,0.04481899960809288
54024,0.8215884233893753,0.8662425243486529,0.044654100959277576
39087,0.7620667039423568,0.8064114170774906,0.044344713135133884
69012,0.8487166707918619,0.8912675823368978,0.042550911545035985
23007,0.7828782587543404,0.8252688360676598,0.04239057731331941
49004,0.8682245335161629,0.9092276785841787,0.041003145068015834
11003,0.6907907981802284,0.7317591455796912,0.04096834739946287
27073,0.7780098247507736,0.8185404554494695,0.04053063069869589
42004,0.8562505201215611,0.896593038561749,0.04034251844018788
27080,0.8756699001850405,0.9158462288011436,0.040176328616103096
36011,0.761567108863911,0.8013267836611654,0.039759674797254396
41006,0.5563531011264656,0.5958673970197097,0.03951429589324407
42006,0.906386416823771,0.9454297966487384,0.03904337982496742
30011,0.7488000768626799,0.7873178552000417,0.03851777833736181
39027,0.7108552441607459,0.7491714737572973,0.038316229596551454
39120,0.7424699598137249,0.7807378060496994,0.03826784623597457
68001,0.8669803012923184,0.9045524593710484,0.037572158078730045
28091,0.8398404526309655,0.8772764294441237,0.037435976813158134
25021,0.6703416226767749,0.7070441606826666,0.03670253800589174
12008,0.7405409276182108,0.7766282107376064,0.036087283119395575
28082,0.8808757237483398,0.9167663392642634,0.03589061551592365
27032,0.8018487112039663,0.8371647592209364,0.03531604801697008
35003,0.4983112302551544,0.5334975831131268,0.03518635285797239
42011,0.4025323056278005,0.4373967813125283,0.03486447568472778
32004,0.7852733993638844,0.8200875138965201,0.03481411453263572
40022,0.6783249631323824,0.7129599221796812,0.03463495904729874
27025,0.8887075245994476,0.92327585909867,0.034568334499222475
54063,0.7763044038117276,0.8107393182565575,0.034434914444829934
34007,0.7992208024763162,0.8336006659033554,0.03437986342703914
58012,0.8818888110435176,0.9162482564430984,0.0343594453995808
33024,0.8276716097555153,0.8617561494678668,0.03408453971235148
52010,0.796934818541642,0.830190378332488,0.033255559790845934
39088,0.702617906341799,0.735745748137233,0.03312784179543404
27030,0.8765378632704425,0.9086168027350277,0.03207893946458518
39037,0.8807294071330348,0.9127071012354984,0.03197769410246354
55008,0.7879816350948222,0.8198601809417463,0.03187854584692407
84026,0.8257516395819398,0.8575666241559639,0.0318149845740241
9003,0.740436967657446,0.7721657411479619,0.03172877349051584
47011,0.8026106106828739,0.8340573258923588,0.03144671520948494
60002,0.8110169689888895,0.8419552305161948,0.030938261527305277
37018,0.6500617315126378,0.6808112041278622,0.030749472615224427
39007,0.8529193063068665,0.8836457517666041,0.030726445459737572
38003,0.7887107372527622,0.8193339252418144,0.03062318798905217
33031,0.523061740377142,0.553599624149328,0.030537883772185914
55026,0.8284370461743746,0.8582564015923505,0.029819355417975868
48005,0.8887709819045434,0.9179030867937972,0.029132104889253774
69007,0.8825616750896819,0.9116040345694126,0.029042359479730773
12006,0.6645776478805423,0.693358105074804,0.0287804571942617
65008,0.7130838386420508,0.7418443978441973,0.028760559202146485
8004,0.6790587412505817,0.7076257463933389,0.028567005142757118
26008,0.871332002434797,0.8994890494514634,0.028157047016666326
24003,0.7146368579420597,0.7425398744862237,0.02790301654416405
46003,0.848932617149519,0.8765376854965985,0.027605068347079542
65004,0.8827304012351619,0.9102729775367024,0.027542576301540556
31021,0.7870256392742043,0.8145199478813083,0.027494308607104
27051,0.7989937140446219,0.8262697800570871,0.027276066012465128
12001,0.7239323118622398,0.7510948365019251,0.02716252463968527
39006,0.8303003471833799,0.8573129245636449,0.02701257738026508
52007,0.8034194360222789,0.8304187493941826,0.026999313371903644
15039,0.5825186414690395,0.6093124862266714,0.026793844757631913
38014,0.7187000495369689,0.7454110131688636,0.026710963631894735
28003,0.7428037485185579,0.7694072593773263,0.026603510858768442
55014,0.8227238398543645,0.8492921614313875,0.026568321577023046
83006,0.8037099184795786,0.830083046068848,0.026373127589269352
102001,0.7672351677684355,0.7934472324822828,0.026212064713847294
39028,0.7093172042359456,0.7355233894966444,0.026206185260698844
28026,0.8457985618202157,0.8718554296051977,0.026056867784981952
28081,0.5360317559034535,0.5620601708365788,0.026028414933125243
39114,0.8147089808091106,0.8407319224673881,0.026022941658277565
21023,0.6344206187979875,0.6604142369613756,0.025993618163388077
8005,0.8568355493258116,0.8825811961554572,0.02574564682964553
38029,0.642081433603721,0.6676687269826271,0.025587293378906084
40017,0.6571523743846003,0.6826263324064061,0.025473958021805854
57007,0.8328388179606127,0.8583073267317118,0.025468508771099185
17018,0.73705946155766,0.7622779075665871,0.025218446008927087
57006,0.883693728773853,0.9088590524832748,0.025165323709421816
40020,0.5263678370532723,0.5512956480475525,0.02492781099428021
53017,0.8716406819081479,0.896528156283195,0.024887474375047125
27007,0.8370760058351493,0.8619306987173329,0.02485469288218356
90003,0.7875199895691357,0.8121166032224761,0.024596613653340427
43018,0.8898876530030723,0.9144427295115036,0.02455507650843136
12002,0.7506765581206519,0.7749785281098094,0.024301969989157457
54007,0.7376972982490764,0.7615632037395613,0.02386590549048495
9002,0.7654841746789821,0.7892879372168164,0.02380376253783434
46005,0.7799904062309921,0.8036712258374754,0.023680819606483272
41014,0.6271835171653913,0.6507306300782523,0.023547112912860935
37031,0.6026355336640673,0.6258830025741977,0.02324746891013041
27049,0.8617560420219275,0.8849788997394262,0.023222857717498768
54003,0.6578181164693431,0.6809052814003322,0.023087164930989168
41016,0.6827831923865249,0.7057584785271376,0.022975286140612727
12005,0.7634310233413819,0.7863914007614944,0.022960377420112477
54044,0.7599230648840756,0.7828027643421905,0.022879699458114966
9005,0.5824984750646138,0.605237216937637,0.02273874187302316
55002,0.8796095544362882,0.90199080775134,0.022381253315051808
31010,0.8497797953492637,0.8720626868821818,0.02228289153291807
58002,0.8450610172161335,0.8673305540070216,0.022269536790888167
57004,0.8658272684900225,0.8879823611161458,0.022155092626123363
40007,0.8296636015360688,0.8516065156108191,0.021942914074750353
84001,0.8554880922390289,0.8772895105701113,0.0218014183310824
96004,0.7276731471512845,0.7494513383375869,0.02177819118630242
39081,0.6836682371223779,0.7052524448929602,0.021584207770582342
2001,0.7934714704037232,0.8149577469184394,0.02148627651471613
30012,0.7026517485590037,0.7238260942978887,0.021174345738884992
58001,0.860437558871,0.8814677675680056,0.02103020869700556
39078,0.8438879682085404,0.8646563189856039,0.020768350777063516
54011,0.850997067011979,0.8715258040295147,0.02052873701753577
69032,0.8478556074099418,0.868371134267231,0.02051552685728919
54008,0.8829164483301858,0.9033235508479348,0.02040710251774902
33012,0.8561855059748169,0.8764000270469742,0.020214521072157265
27003,0.8848319491298456,0.904861438978112,0.020029489848266357
39108,0.8561594254607583,0.8761527112104257,0.01999328574966741
58008,0.882105815422784,0.9020120661106792,0.0199062506878952
54027,0.9123073783075408,0.9321633319021072,0.019855953594566378
83003,0.7875863943681354,0.8073638363518221,0.019777441983686694
41027,0.677397289336883,0.6971732959175665,0.01977600658068346
37019,0.6548307938171611,0.6744681134683039,0.019637319651142793
82003,0.8073778900553668,0.8269444963986663,0.019566606343299542
28009,0.9030135936497166,0.9225290785081393,0.019515484858422694
76008,0.8386271213865931,0.8580517868647446,0.01942466547815147
40018,0.8372097317256655,0.8566063116589069,0.019396579933241398
28050,0.8193306741808141,0.8386716154522735,0.019340941271459466
72014,0.863439574996024,0.8826875730116567,0.019247998015632706
23001,0.8254096586866363,0.8443946427383807,0.018984984051744425
9004,0.7457684394095945,0.7646978202049833,0.01892938079538886
40004,0.8162721115870574,0.8351814941672364,0.018909382580179046
8013,0.6868075346007796,0.7056952224755975,0.01888768787481787
54038,0.9164061192945772,0.935277069115856,0.018870949821278793
84009,0.8092324144485901,0.8280533649618216,0.018820950513231516
18002,0.8341695153894948,0.8529349178853622,0.018765402495867445
43014,0.8961351942914528,0.9148313103620124,0.018696116070559543
39052,0.6965778013626228,0.7152489556926263,0.018671154330003437
27021,0.8866008880866322,0.9052294257382412,0.01862853765160899
68020,0.6984008631655401,0.7170170284976483,0.018616165332108192
28039,0.795457328810063,0.8139442584082852,0.01848692959822218
15023,0.8170611242850425,0.8353761794655312,0.018315055180488704
30001,0.9286255443167728,0.9469071548927102,0.018281610575937357
57005,0.9155430173790295,0.9335600297851646,0.01801701240613507
13005,0.8233933064498375,0.841365279486661,0.017971973036823408
27029,0.902782371849464,0.920694357712062,0.017911985862598012
60010,0.8303333296973201,0.8481931181029875,0.017859788405667376
54002,0.8473635817807307,0.8650387116489058,0.0176751298681751
68004,0.8445124349653697,0.8620703468985281,0.017557911933158477
63001,0.8467186374705182,0.864102881155422,0.017384243684903766
58006,0.8874945860055513,0.9048732877811484,0.017378701775597083
60003,0.8819212582777042,0.8992861236969627,0.017364865419258524
13008,0.8026668606443492,0.8198674658459045,0.017200605201555308
27009,0.8619928771869345,0.8791305835903156,0.01713770640338108
61002,0.8989679083910627,0.9160969106186364,0.017129002227573742
17001,0.7740496682588203,0.7911575427948635,0.017107874536043233
7001,0.6984689628282414,0.7155331850953432,0.017064222267101803
34002,0.9286931488846498,0.9456989164120224,0.017005767527372595
23008,0.8643699814551375,0.8811321308037446,0.01676214934860709
15014,0.7222232171366199,0.7389367353945004,0.01671351825788059
27001,0.8892692451753703,0.905954404949972,0.01668515977460172
78006,0.9020312607215324,0.918616606605374,0.01658534588384164
76007,0.8931280617194932,0.90965261410252,0.016524552383026747
84013,0.8935579151489544,0.910022851259648,0.01646493611069355
71001,0.8149483882388905,0.8312915004974952,0.01634311225860474
40003,0.8725825775502528,0.8889014723551525,0.016318894804899675
76005,0.8879672530652627,0.9041804499810898,0.01621319691582712
60012,0.7625480052287099,0.7786397834440961,0.01609177821538621
15006,0.7485227794808674,0.7645559354272844,0.016033155946416966
66006,0.9208920773111952,0.93689482291253,0.016002745601334856
55016,0.9131292337654264,0.928694836814163,0.015565603048736554
28048,0.8312301881017776,0.8467300520308599,0.015499863929082314
48003,0.8942648908033036,0.9097175081468176,0.015452617343513997
78004,0.8485006558902284,0.8638956622891651,0.015395006398936761
71004,0.8984634096093298,0.913799154035672,0.015335744426342224
52015,0.7660975036497907,0.7813887560342203,0.015291252384429632
38012,0.5509898762741207,0.5660156322979928,0.015025756023872128
44011,0.7576942056493344,0.7726377479355521,0.014943542286217637
58010,0.8055162304152288,0.8203356865773008,0.014819456162072031
41025,0.74760847933944,0.7623534745189183,0.01474499517947836
1001,0.8211858225588716,0.8357277594613775,0.014541936902505825
33053,0.7529366277856611,0.7674521293039678,0.014515501518306717
12007,0.683752972891434,0.6982578219160562,0.014504849024622235
21003,0.8795839829358153,0.8938980300506144,0.014314047114799111
41029,0.6705943907954928,0.6848010635895629,0.014206672794070174
59001,0.8568478066698457,0.8710408028932528,0.014192996223407084
12009,0.7484269045302366,0.7625066841665091,0.014079779636272494
33022,0.9295243395864328,0.9433980639965504,0.013873724410117583
25003,0.648363436025269,0.6621861715052042,0.013822735479935178
28080,0.8840523506628049,0.897869509820542,0.01381715915773718
84022,0.8604824233015081,0.8742757023574359,0.013793279055927754
43006,0.880544280960666,0.8942820565182793,0.013737775557613352
30005,0.8980326682527389,0.9116957825295467,0.013663114276807886
54016,0.8145209401962378,0.8281727380152805,0.013651797819042688
21013,0.8445720933480988,0.8579539497816443,0.013381856433545503
28055,0.9045343022527934,0.9178960344292084,0.013361732176415009
10003,0.914803848768291,0.9281349704801516,0.013331121711860572
45012,0.8128591008089834,0.8259459219037264,0.013086821094743017
28066,0.6948096997627284,0.7078216738218642,0.013011974059135789
18014,0.7088937921290503,0.7218803995779498,0.012986607448899457
47004,0.9067964947596344,0.919678722855567,0.012882228095932535
27079,0.9052626191346628,0.9180974747747548,0.012834855640092013
20007,0.8589276400975717,0.8715576894785472,0.01263004938097545
84005,0.8804253633095929,0.8930455157796187,0.012620152470025792
36009,0.8178326468200278,0.8304331747124977,0.012600527892469904
57008,0.9198167629247684,0.9324130297009002,0.012596266776131793
55029,0.7532631098600502,0.7657709738499286,0.012507863989878465
14005,0.5412584127900975,0.5537345824236701,0.012476169633572676
4006,0.8462021987236137,0.858652919648182,0.012450720924568337
42008,0.8172615631126872,0.8296475001686061,0.01238593705591895
35008,0.8896314600829717,0.902004912310831,0.01237345222785935
8009,0.7775042866002635,0.7897312174619672,0.012226930861703678
76014,0.770279342248076,0.7824897828179712,0.012210440569895176
43017,0.8187544618605841,0.8309271155740576,0.012172653713473536
40021,0.6931554001119005,0.7052897170170436,0.012134316905143105
25006,0.752352807825222,0.7644760030505169,0.012123195225294925
27041,0.838773694174279,0.8508843277247808,0.012110633550501793
28031,0.8501485331571121,0.8622495864864874,0.012101053329375278
10002,0.8584755800349191,0.8701286166743528,0.011653036639433734
22007,0.8541820738702398,0.865827710063457,0.011645636193217235
53009,0.9265613308609708,0.9381427847143108,0.011581453853339974
81007,0.81117120503073,0.822750899455091,0.011579694424360909
25001,0.8078384215037797,0.8193898921464293,0.011551470642649608
22009,0.8964595168465475,0.9079656090492322,0.011506092202684726
21011,0.7828919369890525,0.7940905770602978,0.01119864007124538
62001,0.9121159018571549,0.9233017161978884,0.011185814340733513
24001,0.8473103429513495,0.8584461822334368,0.011135839282087279
54095,0.8270683062040791,0.8381850768763944,0.011116770672315313
21009,0.8772094572135671,0.8881412071058119,0.010931749892244769
42003,0.807705700981614,0.8185968432637447,0.010891142282130728
52009,0.9142193074658058,0.9249737800516156,0.010754472585809749
40010,0.8463803824758258,0.8569747865850993,0.01059440410927348
28022,0.921380574556586,0.9319418740585628,0.010561299501976817
33018,0.8389726286711199,0.8494911128752586,0.0105184842041387
69030,0.8670801141327865,0.8775873805573977,0.010507266424611195
21006,0.8806588671175616,0.8911104421679085,0.010451575050346884
28074,0.9044606938509384,0.9146974699128172,0.010236776061878783
83010,0.868454658943295,0.8786804833041265,0.010225824360831526
55032,0.7023591185106263,0.7124865884625291,0.010127469951902834
13007,0.7561268770708551,0.766242229160998,0.010115352090142915
67001,0.8656590547940953,0.8756073806957454,0.009948325901650068
28040,0.8833822115242078,0.8933026634763642,0.009920451952156406
56002,0.918490291914548,0.9284019261357246,0.00991163422117658
27006,0.8639003835213068,0.8736710125822504,0.009770629060943614
54018,0.9228546490037406,0.9326113474348016,0.009756698431060973
16004,0.8884729994382881,0.8982093950833502,0.009736395645062124
33013,0.8147540847995131,0.8243869839704373,0.009632899170924247
27023,0.8713564683228541,0.8808021212470516,0.009445652924197523
45004,0.7385345455442555,0.7479547938303108,0.009420248286055366
27042,0.8650518626321008,0.8744157976099238,0.009363934977823063
84014,0.8583029985165191,0.8675809714275726,0.009277972911053478
44001,0.927155679238434,0.9363715971776264,0.009215917939192408
55025,0.8613971188949168,0.8704424212100466,0.009045302315129788
27084,0.9078902775751154,0.9168433273530456,0.008953049777930211
80003,0.7928540411124667,0.8017224779168599,0.008868436804393198
27071,0.8364073192593173,0.8452212811246566,0.008813961865339226
67010,0.8883838962339,0.8971972197780267,0.008813323544126672
28085,0.9365725730402452,0.9452591016679824,0.008686528627737222
27064,0.8827169095582958,0.891291863728183,0.008574954169887183
55018,0.8389348854280796,0.8474991815306916,0.008564296102612001
37011,0.8569888954923097,0.8655157994066941,0.008526903914384376
50008,0.8614509736187808,0.8698642172773563,0.008413243658575542
38021,0.7330976243942142,0.7414949988614543,0.008397374467240093
36012,0.8524743621128849,0.8608602888633156,0.008385926750430706
18008,0.8667242467166858,0.8750688260023807,0.008344579285694875
28043,0.8769439609419079,0.8852607226842643,0.008316761742356404
4005,0.7755508425513501,0.7838406608458132,0.00828981829446307
36003,0.8787856519316668,0.8870051653267226,0.008219513395055777
54036,0.8687419590626702,0.8769383649249911,0.008196405862320955
21012,0.8639342161596582,0.8720918942539668,0.008157678094308674
4003,0.7034529580926359,0.7115646572253924,0.008111699132756556
21017,0.8352292186700689,0.8432835275337176,0.008054308863648663
6007,0.8003994325743441,0.808435760764354,0.008036328190009878
56001,0.9174717821095952,0.92510833824011,0.007636556130514727
77004,0.8833964491493127,0.890932333408638,0.007535884259325276
53013,0.8552066059729831,0.8626496701874155,0.0074430642144323045
57009,0.9038300369317664,0.9112496023682766,0.007419565436510123
49002,0.8895633189179804,0.8969806390411014,0.007417320123121018
84008,0.8640209027359969,0.8714232923171116,0.007402389581114721
54032,0.9058063531359852,0.9131443342426896,0.007337981106704361
79005,0.9046176691342503,0.911926622603916,0.007308953469665647
22006,0.9225625382838252,0.9298536977282504,0.007291159444425266
72009,0.8850081171482566,0.892265473415537,0.007257356267280413
27065,0.8535064847402569,0.8607578463648572,0.007251361624600272
53022,0.9005480177590806,0.907729712100484,0.007181694341403477
55021,0.9268881244452132,0.93403909504849,0.007150970603276852
54057,0.8703256806370667,0.8774519025508222,0.007126221913755448
8006,0.8027512489153248,0.8098253463477807,0.007074097432455906
66004,0.9371635731482502,0.9441041126497332,0.00694053950148299
50002,0.9103664636834736,0.9172718802291128,0.0069054165456391425
25020,0.8894024150931333,0.8961890914642042,0.006786676371070888
28056,0.8902334106948699,0.8969983581784994,0.006764947483629435
47009,0.91914689073974,0.9258517301214432,0.006704839381703187
13001,0.7956098549323056,0.802314143454733,0.006704288522427326
69015,0.8622362117062633,0.8689202118748713,0.00668400016860804
25029,0.8833415520692148,0.8898654066834212,0.006523854614206348
41013,0.7441317576452395,0.7506192783399853,0.006487520694745785
54034,0.8673354399229658,0.8737654671976898,0.006430027274723971
74001,0.918355497371608,0.924723807571896,0.006368310200287941
55007,0.8957610057255677,0.9021086473247184,0.0063476415991506885
40005,0.8391034283894572,0.845194168363474,0.006090739974016879
27034,0.8880082143381905,0.894096507819463,0.006088293481272489
53018,0.8995278651621668,0.9055910494611616,0.006063184298994884
67005,0.93773653270935,0.9437950141938553,0.006058481484505274
27077,0.7297771551094883,0.7357935777992812,0.006016422689792966
53007,0.902224681445043,0.9081897227738444,0.005965041328801379
79004,0.9171563659989584,0.9230897773475516,0.005933411348593154
74007,0.8861098030244364,0.891979543136074,0.005869740111637545
84004,0.9157196321003772,0.9215510262333048,0.005831394132927548
28023,0.9055572734167374,0.911353843073748,0.005796569657010586
54028,0.8803217031126412,0.8860732208344414,0.005751517721800159
48011,0.937345097474644,0.9430962265954956,0.005751129120851628
47001,0.9298696852601218,0.9355982499258502,0.005728564665728353
7002,0.7910405480933258,0.7966579815597358,0.005617433466409971
39049,0.7032981201284199,0.7089122853977541,0.005614165269334226
19017,0.8947207547482563,0.9003033636714151,0.0055826089231587606
73009,0.9118283377441516,0.9174061441757524,0.005577806431600774
65001,0.8827138857739829,0.888217136866651,0.005503251092668138
79006,0.8852112082000714,0.8907127463152487,0.005501538115177285
34006,0.8800462159621141,0.8854607025248208,0.005414486562706711
66001,0.9277910935216686,0.9332015320918768,0.005410438570208287
34004,0.776807558214306,0.7821790395178182,0.005371481303512171
21015,0.8275763831428429,0.8329042346987505,0.005327851555907648
15011,0.7831416699327298,0.7884412705731765,0.005299600640446656
54052,0.8785557044049154,0.883759993075835,0.005204288670919599
18003,0.8845835100720527,0.8897869585869109,0.005203448514858211
56013,0.90810453754398,0.9132407940755152,0.005136256531535155
34003,0.8603954532621447,0.8655093435788231,0.0051138903166784155
54080,0.7591422075954761,0.7642413616436046,0.00509915404812844
54029,0.9333904090108148,0.9384883949587828,0.0050979859479679535
18010,0.8993385690925476,0.9044290250661235,0.005090455973575936
50011,0.8680227939636616,0.8731049824345384,0.005082188470876825
28116,0.748778938112429,0.7537509524725694,0.0049720143601403866
67015,0.9341154014826948,0.9390199818719503,0.004904580389255564
21016,0.8598113176248507,0.8646833126562509,0.004871995031400123
72004,0.8206959083204131,0.8255451712606705,0.004849262940257448
17005,0.8886136616177285,0.8932407700313442,0.004627108413615688
80006,0.8456002394442282,0.8500760841803593,0.004475844736131052
94001,0.9124112398601092,0.9168127477689636,0.004401507908854407
3003,0.8077251779078292,0.8120559386572996,0.004330760749470475
84020,0.8013146709389893,0.805609397548616,0.004294726609626709
31006,0.8578842612845234,0.8621576635052859,0.004273402220762446
66011,0.8754352567080761,0.8796480718211819,0.004212815113105783
53005,0.9303794852434288,0.9344353073096022,0.004055822066173387
48004,0.9369755990670018,0.9409984279769988,0.004022828909997056
76011,0.6412168209984074,0.6452008170648988,0.003983996066491469
84017,0.9122569307112148,0.9160418157384852,0.0037848850272703682
33035,0.8828979337328671,0.8866554708622753,0.003757537129408184
39143,0.937940953908468,0.9415146529194046,0.0035736990109366262
14001,0.9276530147186222,0.9311825458161463,0.0035295310975241856
33014,0.8685476117966076,0.8720751328776682,0.0035275210810606916
38001,0.9027502636747738,0.906277370273625,0.0035271065988511374
79002,0.8945766815458372,0.8980586421172835,0.00348196057144623
34005,0.8799917818586998,0.8834711842663134,0.0034794024076136854
67008,0.9378413169606624,0.9412659195220446,0.0034246025613822173
13004,0.7437711637123654,0.7471698199601055,0.0033986562477400506
84030,0.8872038401008572,0.8905434315066348,0.0033395914057776643
33032,0.8466413584404515,0.8499761193945836,0.003334760954132099
39144,0.7149562572981809,0.718198554334493,0.0032422970363120696
41004,0.7805310016535545,0.7836609524782387,0.0031299508246842578
45009,0.9181751404379784,0.9212039272712038,0.003028786833225383
101005,0.6403470909572013,0.6433314757896387,0.002984384832437348
73015,0.8813811308132562,0.8843643172098665,0.0029831863966103267
77002,0.8548546968231758,0.8578344261688208,0.0029797293456449436
54025,0.9144887553578688,0.9174518044957086,0.002963049137839846
22001,0.9072390218403706,0.910189799983848,0.0029507781434773284
50006,0.9122327197423524,0.915174298927399,0.002941579185046561
63004,0.7982882382938687,0.8012092712816049,0.0029210329877361607
15010,0.7877355555998291,0.7906169484827386,0.0028813928829094504
75004,0.9128737058741632,0.9157234678434112,0.0028497619692480214
28008,0.8977496606577271,0.9005921372497632,0.0028424765920360695
41022,0.8122740308248885,0.8150551198400362,0.0027810890151477308
89005,0.7217516146133889,0.7244644074355764,0.002712792822187504
28067,0.9143771178390786,0.9170568591095244,0.00267974127044579
19001,0.8922060155003734,0.8948473983424621,0.002641382842088702
54019,0.790787138581208,0.7933949667234956,0.0026078281422876604
80002,0.922612220023072,0.92517469472821,0.0025624747051380403
23011,0.8325107824932563,0.8350563961931977,0.0025456136999414403
15025,0.7699550495825538,0.7723791186547239,0.0024240690721700764
69027,0.8965505965165976,0.8989437531356845,0.0023931566190869002
37008,0.8342749969042226,0.8366479459660747,0.0023729490618521476
93001,0.8093653332679748,0.8116512320309318,0.0022858987629570393
85001,0.9099331512099408,0.9121934520113248,0.002260300801384063
21022,0.8705877064049745,0.8727483134826287,0.0021606070776541975
55013,0.9192628675822158,0.921383728410752,0.002120860828536242
73005,0.945018971252575,0.9471281210412514,0.00210914978867649
78003,0.936062400584596,0.9381651335136416,0.0021027329290456143
16001,0.875818016945814,0.8779187063366832,0.0021006893908692703
23016,0.8817597403700226,0.8838509817000185,0.002091241329995941
32006,0.8774129903714557,0.8794577166853734,0.002044726313917722
15024,0.8270167663419583,0.8290103122698655,0.0019935459279072365
33021,0.7817664628291789,0.7837239676127743,0.001957504783595354
72015,0.9287028278592866,0.930629623201474,0.0019267953421874262
74006,0.8582428237290385,0.860036952135095,0.0017941284060565277
27035,0.8885984512451266,0.8903709453453936,0.0017724941002670302
67018,0.9017950426083564,0.9034601589509024,0.001665116342545958
28117,0.9215100754226504,0.9230802984017222,0.0015702229790718336
6008,0.8344594904879395,0.8360069086314414,0.0015474181435018997
83004,0.8566404870563936,0.8581431802659816,0.0015026932095879575
33029,0.9246715068770048,0.926158343060939,0.0014868361839341926
80001,0.8985024090042172,0.8999521715079813,0.0014497625037641626
33006,0.8109385986520623,0.8123612324545016,0.0014226338024393437
19006,0.9028674232363708,0.9042314357977088,0.0013640125613380016
67006,0.9124158391096736,0.9135981340549492,0.0011822949452755527
58009,0.9068212531976222,0.9080026817360916,0.0011814285384693646
24005,0.8833941892204189,0.8845660167691608,0.0011718275487418994
47005,0.8895869312334909,0.8906863134842484,0.0010993822507575635
47018,0.9002801206068337,0.9013503813246132,0.001070260717779492
20003,0.8290644830241187,0.8300644333643437,0.000999950340224931
45001,0.9365687699155564,0.9375244397839336,0.0009556698683772513
23004,0.8535095280614589,0.8544007278587351,0.0008911997972762542
50001,0.9253697740830776,0.926255196298588,0.0008854222155103564
73010,0.958525443317086,0.9594021419230282,0.0008766986059421944
38004,0.8851201953804271,0.8858569434577788,0.0007367480773516899
73011,0.9341687556247226,0.9348778741128396,0.0007091184881170554
60005,0.9202615400473602,0.9208918226140488,0.0006302825666886225
21008,0.8409694650982641,0.8415559654954922,0.0005865003972280736
84012,0.8623924911296328,0.8626577584671267,0.00026526733749387965
43008,0.9719161980405032,0.972091925317902,0.00017572727739878502
79003,0.825512805516649,0.825685992670357,0.00017318715370806537
71008,0.9011898160759044,0.9013440188764308,0.0001542028005263596
33026,0.9151355178403264,0.9152670957873804,0.00013157794705398462
43005,0.9587775501018604,0.9588057641641206,2.821406226016787e-05
24004,0.8781722876147079,0.8780952395310272,-7.704808368069749e-05
33019,0.797329622946785,0.7972023856015148,-0.00012723734527020358
40016,0.5570445052200987,0.5568432541153148,-0.00020125110478397268
75003,0.9256006596197992,0.925329996863974,-0.0002706627558252128
84018,0.9142932532909442,0.9139912305586292,-0.00030202273231505483
77003,0.8657229218414327,0.8653807662154767,-0.0003421556259560754
38030,0.7818518691440381,0.7815078409314022,-0.0003440282126359051
65007,0.9044822800488818,0.9040520536420196,-0.0004302264068621886
16003,0.7546971204477667,0.7542498605431086,-0.00044725990465810384
83013,0.8813543537741315,0.880884135155299,-0.000470218618832563
25012,0.8155709451105349,0.8149787218068929,-0.0005922233036419478
27002,0.8935790168652576,0.8929636260917209,-0.0006153907735367836
41020,0.7478283682202459,0.7471754371165564,-0.0006529311036894692
73014,0.9223252801021964,0.9216096304003604,-0.0007156497018360186
28024,0.9286144586630172,0.9277039901174552,-0.0009104685455619821
28093,0.8944739092908089,0.8935420862132455,-0.000931823077563454
69017,0.9255385884097144,0.924277473213185,-0.0012611151965293832
80005,0.816907167209405,0.8154679082518649,-0.001439258957540157
47008,0.8234136523025459,0.8218303522186683,-0.0015833000838776368
81003,0.8082978074368501,0.8066319339359646,-0.0016658735008855396
39099,0.9060351266227512,0.904272627690116,-0.001762498932635248
27090,0.8699720183600335,0.868134899828473,-0.0018371185315604333
45005,0.8629879037801591,0.8611459869363962,-0.0018419168437628919
15016,0.9130113762302876,0.9111394716672512,-0.0018719045630364306
19010,0.7335728217704796,0.7316369866789773,-0.0019358350915023026
39025,0.902554301747406,0.9006177398655927,-0.0019365618818133479
80004,0.706162623859763,0.70413718939298,-0.0020254344667830493
7005,0.8792432218738909,0.877010783808614,-0.0022324380652769538
56007,0.9262007538600612,0.9239400891118776,-0.0022606647481835385
92001,0.951296382750512,0.9490261001579676,-0.0022702825925443593
96002,0.8158339277995473,0.8135243325656991,-0.002309595233848216
50007,0.8800166671720223,0.8776084560697128,-0.0024082111023094877
27038,0.5307502411619276,0.5283367333880498,-0.002413507773877832
81006,0.8477850847373763,0.8451791792651249,-0.0026059054722514796
14002,0.926920376654563,0.9242472209760176,-0.0026731556785453137
41019,0.8663965594264762,0.8637006727946948,-0.002695886631781441
54005,0.8673753848988628,0.8646608684421508,-0.002714516456711946
97002,0.8307511864161928,0.8279870966358427,-0.002764089780350143
72005,0.9270859173057242,0.9243149737284464,-0.002770943577277807
51001,0.8996201462150897,0.8968068464092218,-0.0028132998058678638
55023,0.887612698984699,0.8847845828423876,-0.0028281161423113765
28001,0.6658574237403134,0.6628872119787534,-0.002970211761559982
69023,0.9215919318058856,0.9185025196523317,-0.003089412153553961
52005,0.9148364205536144,0.91142920052831,-0.0034072200253043583
54012,0.8927133396635812,0.8891331305192964,-0.003580209144284807
28012,0.8964750466825004,0.8928938351490391,-0.0035812115334613592
52006,0.8205940360048851,0.8170048247931949,-0.003589211211690202
18001,0.8027482572553798,0.7991526833112603,-0.003595573944119468
53008,0.904577097555442,0.9008417017317524,-0.0037353958236896467
18011,0.9118117979980748,0.90797653002014,-0.0038352679779347643
89002,0.8412957738980286,0.8372523291149739,-0.004043444783054628
56012,0.922038109561106,0.9177937996266228,-0.004244309934483215
2002,0.7276154665998007,0.7232552601446883,-0.00436020645511237
15007,0.9032733013104512,0.898739803396533,-0.004533497913918216
71006,0.92348445640711,0.9188451803751084,-0.004639276032001538
39054,0.8007210663845604,0.7960514662084088,-0.004669600176151589
69002,0.9210408882943484,0.916350946014146,-0.004689942280202364
21026,0.8595816731829788,0.8548623637643606,-0.0047193094186182005
107001,0.7571859858798433,0.7524582683707203,-0.004727717509123042
45003,0.9053141249651322,0.9005565835801987,-0.00475754138493345
31002,0.9511069696309778,0.9463037463889032,-0.004803223242074606
27043,0.9014709353715492,0.8965522066364875,-0.004918728735061717
85003,0.8164631678415435,0.8115258505255146,-0.004937317316028866
52004,0.8727044929793758,0.8676034389856354,-0.00510105399374039
38018,0.853876711431155,0.8486013183000707,-0.005275393131084272
19020,0.8247811177788208,0.8193951428756722,-0.005385974903148627
5003,0.7924818525325599,0.7870255785953434,-0.005456273937216483
39034,0.9417890101793376,0.936310319361986,-0.005478690817351528
88001,0.7677206549192899,0.7621762523580852,-0.005544402561204698
46008,0.8866327755721845,0.8810011293141206,-0.005631646258063894
36010,0.7565723503297561,0.7509272215016869,-0.0056451288280692236
74005,0.9075593228588782,0.9016858848675392,-0.005873437991338992
52011,0.8026188806034138,0.7967269044545859,-0.00589197614882786
33039,0.8528091698781701,0.846887312560187,-0.005921857317983115
82001,0.9020229849455434,0.8960618476060334,-0.005961137339510092
106001,0.7999614853960624,0.7939398222348022,-0.006021663161260182
43009,0.8611538786056452,0.8550023676173835,-0.006151510988261721
28033,0.7361139920080417,0.729913998639858,-0.006199993368183776
95001,0.8230761606711019,0.816808722966939,-0.006267437704162937
29009,0.7900912226942014,0.7835115395707408,-0.006579683123460578
96001,0.8089197568988087,0.8022156546045907,-0.006704102294218028
38007,0.5735820813153374,0.566833903449192,-0.006748177866145344
81004,0.919585930349126,0.9126851881351288,-0.006900742213997169
83009,0.8633516357547109,0.8563903739282172,-0.006961261826493703
54001,0.8761518057583391,0.8691354289018988,-0.007016376856440298
40011,0.8852313135911247,0.8781454147135133,-0.007085898877611463
54049,0.8730911970782109,0.8659152324165433,-0.007175964661667589
75017,0.953238311985826,0.94595005470575,-0.007288257280075983
4001,0.765600952281238,0.7581871280384433,-0.0074138242427946865
37001,0.8605457302754671,0.8531004898982811,-0.007445240377185969
26005,0.8119144178551593,0.8043107977578243,-0.007603620097334951
33007,0.8921654160275732,0.8845404145800078,-0.007625001447565394
32003,0.8895907832059988,0.8819075588642828,-0.007683224341715977
15030,0.8102068758042535,0.8020395396753736,-0.008167336128879987
85002,0.8217980897847127,0.813494074265593,-0.008304015519119745
15012,0.8365955064045115,0.8282826239987146,-0.008312882405796973
81002,0.8774167843914016,0.8688354205191113,-0.008581363872290249
21018,0.8658800291936956,0.8572225943021166,-0.008657434891578997
27089,0.8942172269637583,0.8855593377556966,-0.008657889208061653
65005,0.8571511619419444,0.8483112366003412,-0.008839925341603161
11004,0.8507288096670927,0.8418544740756773,-0.008874335591415483
89003,0.8143562993823068,0.8054023881467007,-0.008953911235606071
30014,0.8590220278872636,0.8497635405358706,-0.009258487351393008
33034,0.8363542900499106,0.8262828115503316,-0.010071478499579012
64001,0.9211144221321104,0.9107572407906934,-0.010357181341416943
40009,0.7936889147980862,0.7829822358690898,-0.01070667892899646
34010,0.8361663805934658,0.8253502217245988,-0.010816158868866999
27026,0.9132776039195202,0.902137989673407,-0.011139614246113205
28052,0.8871304756439715,0.8756637506498057,-0.011466724994165789
43021,0.9258395186902152,0.9141483522537632,-0.01169116643645196
43007,0.8187189431356059,0.8067050576113137,-0.012013885524292167
54096,0.8232723243077014,0.8111734987171855,-0.012098825590515894
28018,0.8863275265312656,0.8741478937381602,-0.01217963279310541
39001,0.875401061726421,0.8629126836963643,-0.012488378030056646
54048,0.891462870687508,0.8787300499232455,-0.01273282076426241
53028,0.8391392089734745,0.826013996885067,-0.013125212088407445
39017,0.4351062460884236,0.4217241066885953,-0.013382139399828297
7003,0.8463043711790049,0.8325147856888816,-0.013789585490123324
36006,0.8060347981463831,0.7915717087607825,-0.014463089385600592
28072,0.865417920937893,0.8505139286329124,-0.014903992304980629
44006,0.8210052664665886,0.806068458993167,-0.01493680747342152
17003,0.8383331286767054,0.8229963894533912,-0.015336739223314244
65006,0.8948272547418709,0.8794205805023939,-0.015406674239476947
32008,0.8807247075849123,0.8652885483746284,-0.01543615921028385
72002,0.9115250287437416,0.895866545590492,-0.01565848315324969
27062,0.8811532457316825,0.8654575648835481,-0.01569568084813444
39021,0.8040310215988629,0.7883145424361426,-0.01571647916272023
64002,0.7877081257379615,0.7719434305756913,-0.015764695162270193
33023,0.7125855983596361,0.6966441247336048,-0.015941473626031266
21027,0.8890247366183889,0.8729811747208869,-0.016043561897502
46014,0.8967515924292802,0.8804920584224815,-0.016259534006798693
84019,0.8336546700305543,0.8171761746591311,-0.016478495371423207
39105,0.8566608234731239,0.8401485209946313,-0.016512302478492558
20002,0.7208156758378184,0.7039418577916079,-0.016873818046210465
39042,0.7151965180614465,0.6982182884698392,-0.01697822959160722
28046,0.9292074945399263,0.9121317751708508,-0.017075719369075593
40012,0.8864145090587471,0.8692474178284514,-0.017167091230295695
37005,0.8081036141688962,0.7907829773083026,-0.017320636860593597
39142,0.847043924931036,0.8294372886128453,-0.017606636318190705
39072,0.8221636753725969,0.804164900987073,-0.017998774385523886
39035,0.9323113406559004,0.913912724831911,-0.018398615823989384
53023,0.8167103342407692,0.7976177566626895,-0.019092577578079695
41028,0.5663600479321281,0.5467804773408225,-0.01957957059130566
15013,0.7895331529395306,0.7697608718123927,-0.019772281127137914
34011,0.6985149417995851,0.6784364103277766,-0.020078531471808492
17015,0.6411191822356688,0.6209650511583524,-0.02015413107731634
21024,0.7736783088438416,0.7534920841159478,-0.020186224727893776
33033,0.7816979518833109,0.757262044959464,-0.024435906923846895
85004,0.8199661819920337,0.7950672318772207,-0.024898950114813023
39020,0.9172698005841992,0.8917226369726978,-0.025547163611501333
41005,0.8092005671940379,0.783355747115082,-0.025844820078955832
37010,0.8238218122055265,0.7955952378770843,-0.028226574328442222
30015,0.8230359715055273,0.794138653871977,-0.0288973176335503
39036,-0.4133714152789673,-0.444754780643207,-0.03138336536423969
28015,0.8295481994165989,0.7973398260088336,-0.03220837340776528
34012,0.7811546664390359,0.7476186298466194,-0.03353603659241644
72007,0.849240297535784,0.8151784468376989,-0.034061850698085094
84016,0.8473286507307578,0.8124957743250716,-0.03483287640568622
39016,0.6415334478731586,0.6056313058108792,-0.035902142062279374
39005,0.6994457134178739,0.6632754060068544,-0.03617030741101945
37003,0.8102190478264583,0.7700378268404999,-0.04018122098595833
42016,0.7055512464163313,0.6649939331002193,-0.04055731331611201
41023,0.8206700340577725,0.7793381640896407,-0.04133186996813176
26006,0.5799043368921322,0.5359485890492042,-0.043955747842927995
26009,0.8245418508215627,0.77869788298952,-0.0458439678320427
42027,0.8838938310300973,0.8369491642445521,-0.04694466678554521
39125,0.6254378597630014,0.5691526752668842,-0.05628518449611719
67025,0.8539412113318987,0.7949603415479916,-0.05898086978390715
28115,0.8409590028772767,0.77757108690549,-0.06338791597178661
52016,0.7265383918038397,0.6627100256454602,-0.0638283661583795
27087,0.7482450336474183,0.6821914381957372,-0.0660535954516811
101002,0.5950630703136535,0.5287433674722934,-0.06631970284136002
39127,0.8542260703153585,0.7853237012072107,-0.06890236910814773
42024,0.922964445612686,0.8435876749014102,-0.0793767707112758
33020,0.8555723429855702,0.7621198213059769,-0.09345252167959328
34008,0.6462340278288916,0.5508278188416912,-0.09540620898720042
39141,0.7703187853400202,0.6507221317076932,-0.11959665363232697
40006,-0.0614175509890146,-0.190615368957314,-0.1291978179682994
40013,0.7508469264263661,0.6063711398553316,-0.14447578657103444
28044,0.6755663452270912,0.4161670088485996,-0.25939933637849166
42010,0.8168537166155095,0.4125475575276041,-0.40430615908790546
39023,0.3767016392686618,-0.5868594578994171,-0.9635610971680788
