basin,pred_mean,pred_std,residual_mean,residual_std
10002,4.878257314659973,4.684577630001867,0.4086710391244227,2.191633984574569
10003,8.008295607485152,7.312690021293555,0.44410512772881333,2.3491204850933705
1001,2.670474520667272,3.058923436296599,0.3209312097929439,1.6648174550419794
101002,0.3837415525235052,0.40429955420467895,0.052575144336663625,0.18105673132979286
101005,0.2885042745198544,0.29332992578068945,-0.008846677949851665,0.15709753819564123
102001,0.43110770879780896,0.5216589965209563,0.01329207369102693,0.4064472105873713
106001,1.624700275801007,1.3539940206036363,-0.0013228364848927427,0.5379886407511892
107001,0.5846882577790963,0.5132441014595276,-0.04960387930497946,0.32816511485212596
11001,18.115711475079877,19.53222824422374,3.269861430206317,6.417183221316921
11003,9.003129257279797,7.066011067108128,0.7761952509415335,4.795162578403909
11004,3.132842655942493,3.1370660275277973,-0.011815729597072566,0.8683060974507144
12001,34.8316493676403,29.475937339724013,3.8629606268915104,24.1605671333436
12002,47.33292868393434,39.80021821097499,1.4228223421512372,27.356907665327277
12005,3.851398194732995,4.764580161357841,0.05288753245564584,2.5479339680747786
12006,3.2609151832633496,3.068851651994081,0.3182450206494523,2.0346259486551705
12007,10.635093829666818,9.419777504365173,1.500081886885486,8.043262810989692
12008,5.588677481684162,8.637282677618586,0.9868953339021976,4.853881119244936
12009,1.4748775998539485,2.1213634137166206,-0.16142257334183022,1.0025782510910155
13001,2.4571547779141967,2.9934170644171703,-0.006159785129483341,1.2538825904128343
13004,3.0712635274075804,3.6151179684869157,0.6314384491026015,2.32204205730222
13005,2.1475093649885872,2.9412457240929846,-0.3759803932506344,0.8500490568115577
13007,19.47945719785488,24.48729442807206,1.7494885799689548,12.315046562577425
13008,12.680925394933807,13.289740743121945,1.457144030967613,7.389995335707773
14001,4.162799944313099,4.525827934963234,0.04053643214272708,1.2686307136439199
14002,1.7347445784071216,1.9557297677422032,0.06751009721436786,0.8966827123641514
14005,0.6596958353080767,0.5569695606252503,-0.05843616886735874,0.5249123289192076
15006,164.42183850524907,112.03324149708658,25.91122864295095,92.0471185574631
15007,61.36085652327703,43.345288330899145,3.83043087453633,18.555297902038653
15010,8.399425393884064,9.900930073594704,0.6621675067116622,4.765611869202398
15011,11.903753076540415,10.79737828282233,2.522504416414815,10.202050838223844
15012,71.46329068598826,54.91637579703939,6.464107891541305,26.008814835213123
15013,5.096558412643548,6.03706779035525,0.96893225556869,3.9544201662417606
15014,3.2056540306549515,3.2525806595590514,0.29907441802935647,2.341457576622704
15016,47.89947516152445,35.877705198163355,0.019393202204244744,11.508838210646502
15021,1.5087005097854844,1.5238145156311829,0.2697933182917572,1.2289191992594881
15023,6.557556262788689,7.149424440069906,0.6305131289633911,4.408072495840478
15024,15.618753862149717,18.2135319218631,0.3208491486638658,8.125944269467094
15025,12.896535766225472,12.438840280564298,0.9083114107173438,8.53088128350893
15030,4.3017916592012755,5.717389294008954,-0.294557507423382,1.6610536805721974
15039,6.669697187768154,5.409155344484433,0.928011657939571,6.497203294933507
16001,22.984343111227776,21.59556202717988,2.1304766736731855,8.424792392199462
16003,5.015484198553725,6.2465978252535805,0.8634888856831766,4.12381588163115
16004,27.759676894340476,27.268754212261193,3.6228289669000744,10.327266898044195
17001,3.7027723188407085,3.9670615912193736,0.07993421356946827,2.2459081238290106
17003,1.2724476826859856,1.4774699697270104,-0.01512225882400365,0.5402260753897127
17004,2.038140734787768,2.4264857341773083,0.17579810877524601,0.9408418677339235
17005,4.115251244929257,5.226522526480855,0.18733206205356,1.8159777364158627
17015,0.7258224650664068,0.7532016014015351,-0.041112335806728434,0.2908249960454128
17018,0.193395822112638,0.18184386151147164,-0.012756938540349613,0.1216140937542153
18001,5.1529849767001386,6.336682946576516,0.6820173197111411,2.7900532332732046
18002,5.070190869246914,5.196292888166958,0.4362171840853765,3.013414915299911
18003,26.444655680648136,24.591577018096896,1.099543372156011,9.073687706309311
18008,13.37135578169786,11.96590548004544,-0.28651856486576155,5.070410613589075
18010,15.627209531656733,16.04450945270435,1.4028309437064657,6.150682498388882
18011,47.29930840897306,50.19346341439682,-0.3721608320657234,13.521517648417804
18014,0.7664161462473746,0.9029355944893004,0.2561397593198882,0.5675310692499768
18017,0.48111986867640344,0.5356592720262341,0.0,1.0
18018,0.43580866636604343,0.3707111698873119,0.0,1.0
19001,6.829333251688715,8.772164660492784,-0.09172028159312189,3.291008408097715
19006,1.7008906731355555,1.826743810999009,-0.10789204460975355,0.6630835616529083
19010,0.21651329934504784,0.1882891836110889,-0.011109470453461435,0.10620928491960199
19017,0.4868710230309911,0.690604361203036,-0.01966432455593866,0.2368675045198005
19020,0.8171125648699218,0.9500990584903403,-0.09079586685842994,0.5496677479770169
20002,0.1803584287946143,0.257631366584457,-0.016337531376264265,0.1081706367454164
20003,1.5133653479689608,1.831907984828801,0.018642861009128254,0.835997487174634
20007,0.9449414962072108,0.9958477806598688,-0.12148886803510074,0.4168877911564027
2001,11.819421825102715,12.259228560344505,1.7768812693322227,6.993468839133068
2002,11.752489750319468,13.806958623793959,0.17961437611063444,7.4446171372048795
21003,17.65027281455958,17.214953170996864,0.1395035972650844,7.954829110208752
21006,43.98778889803748,42.547095914961524,-2.7024351158968507,17.29529577861767
21008,23.14509087161115,24.609866238262228,0.6655025947203834,15.358263113426625
21009,91.84950525285228,88.17433238770987,-4.304552894228388,45.87369419926361
21011,7.584405422957573,8.032987283775558,-0.6456787882405477,3.3048839173192515
21012,10.087936888055674,11.45745964415816,0.28695592637960293,6.195796172363656
21013,3.934185201081697,4.132069743918773,-0.20606562769275216,2.0244096342314606
21015,3.453260552277493,3.7718716542723856,-0.382238175762346,2.0116450441461518
21016,1.5186755511456,2.0444251405110045,-0.16011781157900043,0.8781398504545742
21017,2.1292844836056615,2.3987163298403273,0.08236773419284345,1.3704373335545768
21018,3.470681221405753,3.570375362684187,-0.34293590291997333,1.3640740731751604
21022,6.861679242683708,7.460469902176655,0.008571818867866727,4.768197527366829
21023,1.218843079493381,1.6406890761097366,0.04833625309173893,2.400037190784312
21024,2.4151725922592404,3.2488604010300404,0.18894880586710633,1.7458411025296037
21026,1.635091199393431,1.8758811948216993,0.06248066334872203,1.7145172596854357
21027,1.8854368894933822,2.3639070497836108,-0.06914295508937016,1.4247622196499483
22001,9.269168210634422,12.653503892492006,-0.1787254900055956,4.880179182671507
22006,2.487957295271562,4.106851000988368,-0.10348446648881791,1.5762703027649272
22007,3.331599588525789,5.071780252367406,0.2548266987978548,2.9279055784235233
22009,5.976187093797365,7.777241663157892,0.29663809512014605,3.7724693683069104
23001,49.19273436873576,49.014743753115575,-1.5950984466526699,33.276260714892736
23004,19.450559983281625,24.46806714576816,0.4997093623057963,13.698604692944091
23007,2.170430030474666,2.962236162344962,0.686110354584797,1.8039927842131716
23008,6.595298144185301,9.047169422187926,0.19608481374856226,5.494118740529487
23011,2.2769487579278875,2.7499203164459947,-0.2836123797832497,1.188505380360758
23016,0.3814176194755817,0.6014863197670728,-0.0293866567160356,0.25313433357634285
24001,11.541152032145154,14.235368454579268,-0.0432469360475765,6.317463012612067
24003,3.9882295412323097,5.6922917996237805,0.14330799276591738,2.988872945363918
24004,1.3583745135006866,1.424058374936756,-0.1739382069269484,0.6614823301834161
24005,1.6556781014331352,2.6899530958952793,-0.2455967978743504,1.0327576464008423
25001,19.002723088446437,22.039874705055933,2.019239569457835,10.445232687379828
25003,0.5901807241688741,0.5587028472662898,-0.036775920705878595,0.514554523877394
25006,2.582389452889085,2.8922280358897146,-0.08231189911638523,1.900107517115019
25012,0.9838390985522587,1.23975824095015,-0.00393955397500685,0.5777529040207178
25020,0.979814876316749,1.6714878171374423,0.0251189421164879,0.597549157034558
25021,0.47918653558192587,0.6389839072675595,0.026801517119174487,0.4514116392621902
25029,1.8530491039981751,2.4974882608069606,0.18347302701309903,1.2534714101137079
26003,0.6210259537243275,0.48340007355086534,0.14172373347337597,0.1466670299311123
26005,0.33255908701502956,0.47395708423796556,-0.060999670681574074,0.29738218980567604
26006,0.5130270783016899,0.54711164144056,0.18354523678465542,0.6143403317029366
26008,0.24578965335417657,0.17378057573249775,0.046026802439290276,0.06323815441211891
26009,2.1349683846371503,1.8996629554130502,0.13491824069080322,0.8477311437847488
27001,7.635525097179383,10.061355792951115,1.2701561952844294,4.5735788643125135
27002,17.614587391921525,20.17408784740167,0.0,1.0
27003,35.78633488530351,32.39276643658568,2.5610728297932446,12.520477678394084
27006,4.859272726563215,4.991095183086932,0.5211654404260977,2.6224993798838288
27007,21.295488423870378,24.419082357486616,2.982918748088635,14.142456749887435
27009,50.086563379643884,55.000985790795646,5.868662627968142,20.63591271881718
27021,16.506383286900984,15.422998164046662,0.5434752702616613,7.024166339166716
27023,1.431157954367867,1.4562402929797467,0.015313955224842536,0.737544109067242
27025,3.841276636951169,4.304612673960028,1.0347845365655624,1.9235707952662988
27026,2.0348626124098534,2.451909144696316,-0.02884252346851667,1.0682200995641207
27029,8.23333020682794,8.944381955608998,0.7738993660411136,3.5567135789998905
27030,3.190920827329983,3.516686948766783,0.6522101724402374,1.5064491570940441
27032,0.20873035806709264,0.17445733318984807,-0.029570237467745314,0.0969925876171485
27034,16.399377830616118,20.79979839098377,1.75260762489644,9.458865617386559
27035,6.804875306996805,8.667474447242219,0.5136961250512552,3.5690246617333994
27038,0.5455843746782278,0.11333787491349949,0.06522802928238931,0.11739696640775493
27041,16.791855664536758,17.06341439809312,1.4901708628951165,6.914383662704022
27042,1.101626243204015,1.060467466129268,0.019501097595052485,0.46631577659946666
27043,14.68676553739845,17.576596303754418,-0.08367555820091283,7.049984692161864
27049,3.4001866399315412,3.20812061170833,0.38321820049047006,1.2842720673167793
27051,0.15251421992286612,0.1681866019315393,-0.037082916079730716,0.09152834331962693
27062,7.868531224965756,10.290012556321614,0.9843736240283912,3.2237572851078498
27064,0.5912783241442279,0.9137756809184231,0.02987183563579416,0.37542577967749097
27065,2.275945290680059,2.3038276999971767,-0.08609589560213007,0.8726558728062792
27071,19.83698825340027,21.759440441539425,0.5281236028531219,8.282062210249677
27073,0.24414129586262023,0.15756050518209608,0.029286244018470554,0.10813340422619974
27077,0.7445560536376087,0.8370818110364151,-0.1808043670797216,0.3767651327188469
27079,19.156616392149708,19.156373424467578,0.24791588538840723,6.199362692767704
27080,14.865550462072099,16.874051251666526,4.324965361532132,5.655770556525798
27084,0.9925668008169805,1.125722539350208,-0.13779732637914194,0.6560194894326857
27087,3.822229806805099,2.751612162532476,0.3724533979413431,1.094178875312923
27089,18.89293339484254,20.875604386427586,-0.5453933594350525,7.0808975493936215
27090,11.788659814459155,15.147672246985472,1.17653877235728,6.523947188379487
28001,2.395682787635785,2.6765495433074644,-0.26106848844762665,1.8815691685375098
28003,5.580372030534,3.9099113195908566,-0.7298927835384755,2.4899391242713764
28008,7.356805234659983,6.08805376353465,0.41831572132385214,2.355603567403673
28009,80.87480827544509,72.98541777129802,7.874119553563213,23.94791614235651
28012,13.152573947786372,9.997418683299074,-0.3332996280367275,3.0343574257904433
28015,2.55213103852123,1.6477292690134855,-0.20061118877492468,0.6624011189082512
28018,13.547638469146493,12.487315997328016,-0.041257772771382886,3.384484051201106
28022,85.91687185988164,78.83372841802834,8.744479379022364,26.029060613938277
28023,3.0581284626015504,2.2097781475012837,0.3825333388859516,0.5591932332948423
28024,3.157905624628027,4.152384688187132,-0.5498590630220447,1.6522681505900279
28026,3.28205006422639,3.7169308808785764,0.17866193680565037,1.9372485011537284
28031,3.580348364258327,3.125317318721302,-0.06194125190928342,1.7021209323817923
28033,0.2758784849055221,0.22266395671636152,-0.02069827013511182,0.09332183953128749
28039,0.7679159826380642,0.7269023827034149,-0.10079140857742583,0.5685200655459187
28040,0.7327851522181651,0.6658844582523188,-0.15706635573672295,0.3124904016455485
28043,6.045936971926056,5.685622404990796,0.6193483051720219,2.7059563085169374
28044,0.3533899154313105,0.15718562350679183,0.021014469084543585,0.11384915404958912
28046,2.0434015262665426,1.4283993519321585,-0.13373470334722046,0.41605139382629613
28048,1.5136669326608838,1.7186524905934952,0.06309710623958649,1.12066666488361
28050,0.8189789842309466,0.7699855725139318,0.04610087840853035,0.33484666155349607
28052,1.221348547416705,1.0215867792837863,-0.11246739986732639,0.5352382784241617
28055,0.6730032896394341,0.6315798091479403,-0.03674136753198083,0.38354405088177834
28056,0.8694175494888194,0.9744992072872729,-0.158048362345801,0.39677315987124273
28060,0.13921102730119128,0.15195806905099482,0.11094404852560476,0.11363305523981232
28066,1.0864425970196243,1.021591853461972,-0.13309711021387038,0.6818007775040997
28067,19.278949101916975,16.090976099159388,0.3508775237624371,6.746940540025637
28072,0.3350894603386576,0.3133697521365498,0.012591901610911916,0.207082163382694
28074,11.27533007407577,13.50779150202271,0.44553711825504333,3.699330619011965
28080,13.74198313637608,8.277441922193269,0.6306868633710635,3.729616483687559
28081,1.961563417590142,1.4481138125856543,0.12582133433863074,0.989989744889834
28082,1.6884901267777284,1.9680860873331059,-0.36747689215866725,0.560707923942544
28085,17.419107709858533,14.280950296182068,1.042366564987175,5.0482095205337165
28091,1.4659994290689182,1.3368468688041277,0.14496360450815152,0.44858385614273666
28093,9.360525511775464,12.099314930452689,0.15456805972391208,3.883242404453391
28115,0.6675514166910077,0.274230144337807,0.04459830467506344,0.15097804626368305
28116,0.8443865806207216,0.41845283170381664,0.10178413432078504,0.30705323188293676
28117,13.702280442172487,11.129665935580173,0.8849902433431309,3.524266440924909
29002,0.5601403074714737,0.32763607595010297,0.07189528447969877,0.11445339119365859
29003,0.37177443603788357,0.2562092252921572,0.0820092092866408,0.10182147004306295
29005,0.4327317200529442,0.5081595612637924,0.275282828265801,0.9340474276746203
29009,0.16599906241364665,0.19850492768935543,-0.029298963613827018,0.08349407798343286
30001,1.6825543110725696,1.7867278772436699,0.25783822329617984,0.5930662226678368
30004,0.48109370068461904,0.296381077565893,0.031831863776832496,0.311671191501862
30005,0.6820348751255131,0.7336728929774008,0.09328689634598311,0.2875382092265646
30011,0.30310422681287064,0.23858742970392896,0.03397009641150493,0.1399102300349684
30012,0.29025575986398944,0.3209071633723567,-0.004377216396303059,0.217530312187594
30014,0.07302734765972435,0.12685412668876153,-0.0027717621198416246,0.06240158496122888
30015,0.26589320631675,0.23212786261679935,-0.025185833567861707,0.11323268670467226
3003,14.452031793103611,17.231770786984733,1.4495931445526427,8.678818510446204
31002,1.1477647111579208,1.8218939038133222,-0.1255237667822182,0.6021984914472176
31006,0.7024835038156095,0.5271101933570088,-0.09822974262401186,0.22298005587017325
31010,0.5820692149885883,0.6055463495228341,-0.02962288664523278,0.40081497715638925
31021,1.6764290130638981,2.603681921609186,0.15774447230146518,1.319671469789403
31023,0.03672449979226334,0.06776792184237261,-0.020681576894658056,0.03574586807894767
31025,0.27231437465358316,0.30005599044447523,-0.09043395187221727,0.2424919564848042
32003,0.5631490226586023,0.9154428863404678,-0.04287938051267274,0.5163830872343661
32004,1.4784904579278852,1.643201811045751,0.0983648413571611,1.2369765118890756
32006,1.5057035775718843,1.9555734976389179,0.19475176623827853,0.6691395867869491
32008,0.7623254400045636,1.0376180373637032,-0.01801772008991144,0.35950832342613753
33006,1.871221134139665,1.2422571279677452,0.6996141033916641,0.8867261641143506
33007,1.051408907964399,0.585543907881617,-0.08049610973712688,0.2176221126243324
33012,0.9432866827288914,1.6024128501710033,-0.2213059165355545,0.6295778307207353
33013,0.7498249960219074,0.6465459824200319,-0.042746073342081234,0.3320793804718545
33014,1.2727790027612942,0.8909950768750614,0.006139318986019164,0.28500024791694983
33018,0.9574639629347317,1.511669185873714,0.1329467974589822,0.6155005337556809
33019,1.8910588388452805,1.3946687809936544,-0.004586920805125508,0.5787357093336625
33020,1.1034164403765403,1.876341200156894,0.08797558467930168,2.730447381139327
33021,1.34995129035144,1.253885611613431,-0.1402160327067549,0.4379697838400092
33022,2.9270020948699247,2.346188148959358,0.34839728400427206,0.7015734701629204
33023,0.2500742328977639,0.2761354979792524,-0.05566991178343679,0.11168684762208692
33024,0.9927888148242802,0.8860628518613521,-0.150949469038199,0.3004871569921841
33026,14.908736016248275,19.227311011612713,0.5139659370266911,5.628225648098891
33028,0.6905252842309451,0.6717059019039285,0.20911416757663165,0.25894367318549594
33029,0.48931396718959363,0.41551336456656296,0.06580695730979005,0.22951611584179474
33031,0.3468861434815146,0.5006255271622521,0.0466829310876084,0.5316191102339254
33032,0.19749498934459167,0.0908364042837648,-0.008430724295204837,0.029958107920931017
33033,0.6900948891282523,0.4358838956906765,0.04851761320188954,0.2015536679452857
33034,3.889632944180725,2.7875475007444352,-0.23667539067199453,0.881956462290218
33035,16.1025716984938,11.361523314841492,0.22630946599037138,5.396734069843129
33039,11.305067587923318,15.310562604586092,1.0925545547782611,5.188723063105243
33053,0.3303656514226379,0.3080751471095242,-0.04832554819008718,0.1627973569910974
33054,0.4836238013327252,0.2051868386815724,0.06973535772755819,0.0826411060427403
33058,1.600524090182565,2.1081670806761306,0.27069453164546325,1.3602051420366006
34002,0.706917878260157,0.8816485476943526,0.07451980821356459,0.226891425246097
34003,1.112991960127798,0.6315995579279322,0.01819928401530808,0.1843613698364414
34004,4.167826397581014,2.7488585958036404,0.0663771709037426,0.8275589556966169
34005,0.3665247234778639,0.40260150775620934,0.04794348922727065,0.16610149360297194
34006,1.8128535851255154,2.6341235383652695,0.0038009174528525758,0.9630491387220584
34007,0.7061653038379737,0.9618401894679158,0.03703407330873346,0.8674103257761754
34008,0.276770486147878,0.11536795981744488,-0.014118778312679782,0.045988605675364065
34010,0.7829465790931089,1.166588076403903,-0.08076954007640803,0.6856111066990819
34011,0.8147155267731627,0.5407688743352427,-0.013154588567627572,0.217762077196079
34012,0.31927985991784597,0.14884207631703342,-0.02373450514479233,0.06523114169286161
35003,0.3736856236770134,0.5317010165432889,0.024447577048911453,0.8193874045853385
35008,0.6320343296654494,0.8739905683470834,0.043260959596771134,0.5140004083048333
36003,0.2408396939251481,0.29674723728084507,0.0017434997306147878,0.1212533205648688
36006,3.146661887407578,3.866724568700513,-0.4130927402259699,1.281124680707457
36009,0.1523300677994748,0.26003026454837913,-0.016702503597179823,0.12846962884054858
36010,0.17546934283640334,0.3227544236910805,-0.026418647166171927,0.15570934825262767
36011,0.1932878181353613,0.3539287959458279,0.07923148496277956,0.2002040242954448
36012,0.48227711553856656,0.7025243816037928,0.05698800871064355,0.4670517969369932
37001,1.879548048959379,2.956123977646728,0.0503743359841214,0.9311695653916326
37003,0.387718827944317,0.5468901250809972,0.14559464457989185,0.6321212137044303
37005,1.1967348986672743,1.4991142823017425,-0.06917670649818805,0.4782776772251834
37008,1.0339758435371964,1.5106484436104,0.1958644049181835,0.49837416777939814
37009,0.3257603996736653,0.3594292149985526,0.1378406924241442,0.16572010229586456
37010,1.3873178608215437,1.8566320323160463,0.010760619602747594,0.6655456897194612
37011,0.4583392768931995,0.6579347640959233,-0.040727737434311836,0.27454363217323957
37018,0.26888153791373837,0.3499700275998065,0.08633515089698768,0.345041100054461
37019,0.2603088303214059,0.43040120254364045,0.08666049232320447,0.3081061656970775
37020,0.7401047206595154,1.1052480217229077,0.2065634470575874,0.7675248177237906
37031,0.40038932343861305,0.6289612447647426,0.028496971134888815,0.6573866085797898
37033,0.08284680047366479,0.08390411542655302,-0.029934851989109994,0.07313586035108537
38001,4.629826520036506,5.279313928470442,0.14907352968032855,1.6707731747038805
38003,0.5020525213601101,0.2483658308702968,0.029764000908392967,0.11244659260326534
38004,0.5903633676987678,0.8285864819195398,-0.029660530695243714,0.3069074743423071
38007,0.14850850959379253,0.1850076437170263,0.009469491967502054,0.144662913008429
38012,0.10821285048717506,0.11406987682927638,-0.020321460410380195,0.11906932515255991
38014,0.19748161518530416,0.2817145364662896,-0.04924343402742766,0.11573657112633788
38017,0.09515433787740765,0.046854928538716666,-0.012160344512854816,0.027535993076087145
38018,1.1569039933728882,0.7302418364149246,0.056395857936161566,0.2596296117372599
38021,0.26384924714806035,0.42258811762591686,-0.07232488365260155,0.17397487526884992
38029,0.20885508703258732,0.3514750598900206,-0.06163928982699133,0.15976101746979549
38030,0.6272825689821989,0.5840821815667413,-0.008597029677432682,0.29842649865610515
39001,75.07668004655403,82.59130348054698,-6.009391261805614,24.992773384326213
39002,28.466033241807402,33.72327780874345,5.665107943498568,14.223875261574417
39004,0.25751375921542674,0.14922222499096638,-0.01450690973221397,0.15438256718785998
39005,0.5481015901369231,0.2921504022243648,-0.06423121944981058,0.17577852532080757
39006,3.4637292272021885,3.215970182258145,0.361025374885137,0.9031719175706155
39007,3.449610248060248,2.8634721753402976,0.27252368469058524,1.098661703051587
39008,15.452657039707923,18.226997429937654,0.94092441088554,5.992589333979252
39010,3.8543544569602903,2.0545651906220286,0.4092740182675947,0.8004931794678907
39011,3.0130077714376946,2.640762531153253,0.6872797737503423,1.2598474178957748
39012,1.0316425312140538,0.5716717305199543,0.3186952008650283,0.4134480785215571
39014,0.3798241446805116,0.2443725884999451,0.035228297890356,0.13429277959256
39015,0.45321253139205986,0.27480237401238033,0.15483310376155374,0.16011304770651605
39016,10.274401375399396,7.637332860410701,-0.08719005399983117,1.7552230059870586
39017,0.09624848136732066,0.23996227252071278,0.003290538085107255,0.14353628821569503
39019,1.8114363523413939,1.1668341375838176,0.22608075330458693,0.3978865665422896
39020,1.3875735239114546,1.133821277040812,0.16128087223118348,0.3492195911364835
39021,4.100230819621174,4.4042329873882595,0.26764686741864907,1.3706122552010205
39022,2.1264099885349177,2.0703513430871485,0.45402816207068003,0.6489587023086086
39023,1.0685786713920595,0.4879750652757387,-0.16257227904180738,0.2594457199870709
39025,1.3553705102236377,1.993883874205053,0.18479635646489956,0.6358685600166962
39027,0.7256992299269742,0.49412090213207344,0.0540132341572241,0.2673244132742559
39028,0.7284195557827493,0.526894285289084,-0.08840586612597945,0.18661138551385667
39029,0.5170109070972152,0.22828487984845644,0.06807350121088773,0.11920366354559346
39034,4.3038001050205335,4.444373135501514,-0.18828664911338658,1.0474243746291396
39035,1.022820914039707,1.0666192878490939,-0.09439099907269742,0.6457746283185077
39036,0.1092270145225922,0.031417276360489535,-0.0006783427511394139,0.02450447628552482
39037,0.9431673117845736,0.9264883790408895,0.11555471008518027,0.3407409595799872
39042,0.8898026309493381,0.9405831925526735,-0.10341261341086759,0.32974613553171106
39049,0.20851445786855283,0.2856263384567441,0.06507285016053765,0.17791465746562604
39052,0.362667936133729,0.5672940368151802,0.11708457082974359,0.26393418442012334
39054,0.40086116338615513,0.7332066092054573,0.05566721806473276,0.37885056134319645
39056,0.45447184605203034,0.3423487825594917,-0.11780832126781834,0.2612923713868409
39061,0.11112822946006391,0.07366170548421316,0.009594252030963066,0.03809658821009898
39065,0.07603415846850736,0.05124121462040487,-0.022127327089507074,0.02961873232842769
39069,2.127758829666824,3.3138660465961034,0.8537884032743953,2.127253331128794
39072,59.75807717617523,58.81257793894795,4.712027930912186,19.51733086706608
39078,0.8987599096713824,0.9483787023126399,0.16726353912536837,0.6339952045405093
39081,1.6677222696211782,1.9772375114276364,0.14469669792680057,0.7715581635646832
39087,1.2225803482245579,1.4246534300895377,0.25997398745541894,0.6926740019447692
39088,0.572379082012779,0.28333508031054383,-0.12243386896466452,0.11721904018363674
39095,0.1845726230488365,0.20959402647794578,-0.03312364357708357,0.09642151687535602
39099,0.6554039937129159,0.612504111238639,0.09090812423399908,0.5128629404186966
39101,0.31366677083290756,0.37423491571963374,-0.08188948038913244,0.12863555910404628
39105,3.712689689926969,5.062348093219314,0.0017922803177544435,1.5108860544312046
39108,0.8418805712003636,0.6970422354916445,-0.06105452091890918,0.26838264091400427
39114,0.2560999217517119,0.24307956390353458,0.048327010432143554,0.11921636834999781
39120,0.13128352480570277,0.1850669620252203,-0.024852686511126425,0.08517361888531534
39125,0.07771283933293945,0.0875009589052722,-0.01733405205644318,0.052454518265781
39127,0.1573591294171611,0.12192856275450702,-0.020923853497794753,0.04623323017916216
39141,6.2953369098128595,5.119139915662078,0.8143436117485168,2.3447942751119166
39142,0.7395100927567319,0.6510252017868793,0.07771031284137837,0.21647868975738632
39143,1.0728306257781808,0.9092838575206996,-0.07857687385099726,0.23449959295124773
39144,0.6278260401095395,0.7233071135959053,0.13762349274908628,0.3580559636879979
40003,12.33775370524876,18.899501644187566,0.8279423757882383,7.476563160682467
40004,2.556168047252393,4.3281712717308976,0.1960044618174989,2.1527388348674763
40005,2.176087162941581,4.8912629502116065,0.2739858272494158,1.6318371641146465
40006,0.3367159338662707,0.4836746680826739,-0.1261318376435399,0.2797188218518863
40007,3.5423412733363757,4.501487560072444,-0.5742490865344364,2.02873313966561
40009,1.3278802873482436,2.1741858577893662,0.07722697165537197,0.951960971052104
4001,49.94203724057515,36.03800796510741,3.207415396251073,14.802465087720662
40010,2.1583840385942517,3.388983490837193,-0.18481440039544086,1.4334024828281646
40011,3.2694581480145994,3.360073610456108,0.2836500137730717,0.9460788338368948
40012,0.7129283465632134,0.6411096748564458,0.18661978359813783,0.2803005653412821
40013,0.7191282112049285,0.7432141847251861,0.350324095514739,1.13991177772
40016,0.5403114205111819,0.3725434796094891,0.021201091289758403,0.27143057786542024
40017,0.46951023242765916,0.6242785660090596,-0.1214637528020082,0.35597743816527044
40018,0.699002288813328,0.6628856671679577,0.17494111134693288,0.30927055401684733
40020,0.8093093988133295,1.055589797965578,0.07596668695789593,0.7524874350646256
40021,0.3782490741716106,0.5645431834580662,-0.02040339622802793,0.29923776918173617
40022,0.5446408124180748,0.7298812519178083,0.23234680259593066,0.558334170069746
4003,5.586502480251026,6.660761360491447,0.5854190317115747,3.0860549329108133
40033,0.40085135741077055,0.22089805273820484,0.12296424630783204,0.21088832742619126
4005,6.804094240346889,7.821084690859669,0.12329966070497032,3.586230284223358
4006,6.601925967252384,7.490061124070216,0.2976313265027567,3.0073136240166436
41001,0.22360693406307586,0.4182294832796948,0.22244502092942364,0.6796653283882556
41003,1.4014134461161525,2.5689851984542242,0.3669479534325486,1.9322743539460276
41004,3.5666988441259693,4.172812130753581,-1.0888029120422182,1.9481513931869436
41005,2.749332475431316,3.699683303750593,-0.37524754884820083,1.1924721750389595
41006,1.137307328041987,1.809643650827413,0.1673617619025591,1.425754207315084
41011,2.258669788950249,2.450327642406846,0.7376195805460977,1.2308188802432676
41012,1.3499549493482417,2.306790934893598,0.47512034482859883,1.7062267528144741
41013,0.20864413770311752,0.3611293994264993,-0.018361245279879507,0.17754346247590164
41014,6.968577423769965,12.090052945884318,-0.85875540877759,3.65723975218805
41016,0.32961295136786867,0.44876879273734804,-0.05777825557037883,0.223506644287986
41019,2.1884895807731626,3.773248575179529,-0.03971277936079417,1.582908204833869
41020,0.5525920914880414,0.9862063836831589,-0.001355276710444543,0.5179883477509466
41022,0.7491643528429922,1.196336170667395,-0.06183442636221818,0.515445063922958
41023,0.5941603960375045,1.0031367933179938,-0.05892991176958283,0.2533607115953333
41025,1.3931953136243727,2.511285346088494,-0.016289847887434955,1.327642980081157
41027,0.5743252368963946,0.6270361768506448,0.06760992788232315,0.666926712934769
41028,0.3753933382317519,0.4887517544702897,-0.09902188788784115,0.2521758390558331
41029,0.5226384486674996,0.8561257072684347,-0.019320381538542142,0.4393494538868167
42001,0.9001954817476031,1.1729305813635913,-0.16210333431411225,0.5606416323831409
42003,1.386764423687813,1.6083626612263633,0.050451430720949327,1.1939107701844762
42004,11.359038155043365,6.006759650837522,0.8052977631903012,1.6104695477809376
42006,1.0955323558649037,0.9158673006983103,0.07562235991689593,0.27106264067789654
42008,0.7157288856093098,0.5105499136193017,0.10179277312172706,0.1855499782829154
42010,5.809775991556364,2.7404912576826823,0.63708389588576,0.5997536776209472
42011,0.5762994083541769,0.5186930346863502,0.037634837102781836,0.2886321002792382
42016,4.54566977827476,1.804550332690058,-0.04619465855808762,0.5945148342724088
42024,5.690455879735274,2.786845921061396,0.33708406194224555,0.6140169478540157
42026,0.865145575015975,0.6300265541703267,-0.21756918462166133,0.39262446724949845
42027,1.3068713111775463,0.8223559737344974,-0.1625216851064126,0.21415037223136157
43005,3.5552163014879037,2.841691666936486,0.1956417527054414,0.7110798947921789
43006,2.9982583667275278,2.462778327246779,0.03173250754434277,0.6361614528817611
43007,14.65393076161573,17.787400773138856,1.15865259634241,5.247165713385561
43008,4.174481162829762,3.8796660981861124,0.020854293575513466,0.8765640983638432
43009,7.587794157594711,12.13430855419893,-0.2619931568115244,3.1091794991005974
43014,0.862439815764492,0.5235747872240561,0.04031947942953959,0.15906763914123237
43017,0.8072445813738018,0.7900480981116936,-0.02188766838659245,0.3100179683201711
43018,2.266061764901872,2.16532963885007,0.09559501025053628,0.5390101735495174
43021,21.387496255727957,19.906338923226002,-1.3738456531120642,4.952047328714854
44001,7.018318374760381,4.778168016408198,0.1897236259416294,0.9455300198726033
44002,2.7557125001779994,2.385952417494999,0.294739350503377,0.8483061581450142
44006,0.2151150696348703,0.14180973902847463,0.00709387548772136,0.06832173662777048
44009,0.3614823126809676,0.2777929514411501,0.0724199661508261,0.11061866051431798
44011,0.5504958486754893,0.7214169242653886,0.209111649578576,0.36873398116651845
45001,16.07417386572341,18.82071541585542,1.4865427784450478,6.642171071073437
45003,4.0169683050890015,4.975338646841189,0.1288646621873117,2.230481342650714
45004,5.347686674404398,6.814886327230198,0.6185707493609676,3.962296748340242
45005,3.4222540443359186,4.349266052420118,0.23166197902235328,2.1135341458286785
45009,4.431018268087628,4.93598828373284,0.2182971001242994,1.5680127539092261
45012,3.9521432811821096,5.082979567554271,0.041471505422501116,3.21780140450828
46003,10.618124943299847,12.686836110134216,1.5849923814250753,5.4884020052090285
46005,1.2481244987037867,1.3220652132578032,0.12356422462743451,0.8180547976765733
46008,3.9703197819716944,4.2577817798520075,0.11640318307345503,1.732761908660951
46014,6.322535702355093,8.332244356668525,-0.5005320310038339,2.6343146182842534
47001,23.960722881743507,29.28467092572773,0.8570727496395071,8.337372493601539
47004,4.655325001268844,5.164086886877603,0.28003328581246006,1.4459364456996977
47005,3.1119752709538977,3.9439953073479304,-0.060222658726691025,1.7853594195506122
47008,2.7310094901004103,3.1975407646477327,-0.33794239925043357,1.1224891178424712
47009,1.0292898643829298,1.1741162236098832,0.04849648574519443,0.3307630531395097
47011,2.5571890592012743,2.575204579879832,0.2996480031820858,1.4705295044367488
47014,1.7833187935782762,1.724371401589302,0.2848143986212194,1.2979066389758234
47018,1.3959195064810588,1.8968085845296496,0.008831711727690553,0.7397771124836753
48003,1.9939248780283,1.8313285557013845,0.20516229670176633,0.59627490986766
48004,1.0125886927247831,0.8463198169156217,-0.06941206183065085,0.2843614210230549
48005,0.3872474697695119,0.4671175492761443,0.04424494271939571,0.13264360118646693
48011,5.512815595969873,5.292882812252035,-0.4296572120384756,1.4146964800358088
49001,6.338450521405748,5.808735954509839,0.33486306601230487,1.8396129363703428
49002,1.0798047161250581,0.8713079526199655,-0.01837615446165221,0.2640839336488264
49004,0.7662156620219075,0.769724978510403,0.0980700080181835,0.42737727380443136
50001,19.673653671976304,23.813959275194033,-1.08493613653665,6.776241863638904
50002,16.851993599726164,20.670155670329855,-0.5584015571557736,7.848079178270822
50006,9.341781245960764,10.429362264961934,0.5098025270021451,3.460111874262459
50007,1.9200348285029636,2.307572221774288,0.06828556903333638,1.237605592386326
50008,1.7299562442806924,2.252689738808285,0.10231210422596121,1.1428972057429319
50011,2.870197115098123,3.304570668737848,-0.1368105317192378,1.328770914190235
5003,30.087411395481563,20.277724667511,-0.39520665771565494,11.124413396200675
51001,1.155479173295301,1.38794394797588,0.01527390616329028,0.40774453440587977
52004,1.4064543771948883,2.1610667158169314,0.17315766297408489,0.911970563787907
52005,3.165014995600184,3.8766054024776517,-0.09706427754946419,1.3562892144879657
52006,2.8361328414468243,4.166735154311042,-0.0731022738458786,1.6760725389677416
52007,1.0910029672437231,1.7433701948257854,0.31484824387804333,1.0783927881366113
52009,1.0208460385166598,0.916968802145533,0.13858344831012506,0.3375892600371036
52010,1.7217714654723852,2.1752842823372163,0.2547278606393537,1.2516007276342191
52011,0.8164008949744405,1.502448213157385,0.035579884454277316,0.5802621610318902
52015,0.2611028219365588,0.26722628698970335,0.05861693287843745,0.248197673801421
52016,0.25086636889228664,0.22471824842442348,-0.029930817731143314,0.10356506926991818
53005,2.2773945630670918,2.4470715432549657,0.176023958302565,0.8747388309272457
53006,2.228043630835238,2.8124796052710472,-0.4336164638078184,0.9436175036273455
53007,3.8102811706252844,4.613883487297801,0.1422975628308923,1.692988861052656
53008,3.5293810391099942,4.999134346706217,-0.013178382419584671,1.4924633909168254
53009,1.233332557859423,1.3577928270583832,0.11376922491988133,0.35318463650303566
53013,1.3865100198630753,1.4926736689142497,-0.04762365849385851,0.5127952092999969
53017,0.6654172138931965,0.7910120784868437,-0.07753958800775902,0.3728798625547158
53018,21.21888934345045,25.603729709183156,-1.4989804928405932,6.689305843659826
53022,22.17446836681881,26.665467838563387,-2.105864933151301,5.802742112473806
53023,1.0770943166750317,1.27519809670672,-0.018504686142617063,0.43160728701758805
53028,1.6434236879826563,1.745929287444989,0.06716965777632133,0.7136622381141735
54001,62.296478518073876,64.44826333553436,4.845872182849156,21.994724026495955
54002,18.26870508699222,20.31219465649118,0.6424450655981744,8.608439186066999
54003,2.1952239055499745,2.8739920328293427,0.4135437784603377,2.2895809315494637
54004,3.051966753144685,3.065934237053941,0.47776396902371976,1.4717201647027527
54005,45.30905098192609,44.65028161385192,0.28507504471337275,14.833790281866719
54007,3.2143375842674544,3.793557087731802,0.03394174738406665,2.908555069101995
54008,14.56517959119127,16.053337565064318,1.1338802414216476,6.437081526999031
54011,1.4909335712140568,1.8734826107310694,0.09104268069998632,0.9330940862147935
54012,6.752913858968504,5.502070900530972,-0.005022492184582375,1.5724090467564737
54015,1.3491311390963063,1.9303644325961544,0.5384818043842685,2.9192523531084076
54016,2.2146915245915126,1.869775184111056,-0.15977595139729348,0.8041942126921785
54017,2.2705317271017846,3.4459213432495304,0.7672181601702867,3.036038218013116
54018,1.6352948675399341,1.92246108931933,0.19826059164519166,0.7983031511621008
54019,2.6939730094888157,3.685086703853387,0.026456030999819725,1.5306185740273872
54020,1.5183508792423512,1.4246710088227943,0.28234287596071433,0.5674921957769818
54022,0.5905009708799643,0.6334944963989166,0.0,1.0
54024,1.3485258203514379,0.9937601721410763,0.13998627023154586,0.3847607207271452
54025,1.4958138134869896,1.7808373355503633,-0.16497861251465085,0.46444993054028516
54027,2.6955276261478684,2.0967907470902536,0.2152756591414149,0.5876836937547637
54028,22.214899389228627,24.438331955505,-0.43086916545207665,7.609140635423592
54029,19.08451414427201,20.708851298727215,2.415851022831812,8.307173212663628
54032,92.9788602948425,86.47777996264837,2.7672923374979455,27.129778602682837
54034,0.4382128930721128,0.5629997234197993,-0.034999803993183025,0.24513696911188837
54036,0.7576161185540854,1.1241852260364857,0.05806159056821863,0.5665350058284769
54038,6.161760208197157,6.887890538374082,0.9972722107637563,2.367095130747338
54044,0.855957910333182,0.4699045581201669,0.015210501294060244,0.22532612575128305
54048,0.7211347220355998,1.2275210507616354,-0.020760532720065863,0.7967226165267651
54049,2.306860546285578,3.542787341688602,-0.0254958763513647,1.5763806426752787
54052,0.3316079662345969,0.25703488826101123,0.0070090143620629855,0.10861677450529887
54057,113.47584157736186,107.33426851779198,8.578015158428755,49.82667607457179
54060,0.16839344733455025,0.10369063199725272,0.6226260925619566,0.7890390795360804
54063,1.0677970880419891,0.759076726914627,-0.1260444718536148,0.46479235033361616
54080,6.6659387294751316,6.7915804583978785,0.1982876587136924,2.926350325855629
54095,57.98684792291187,58.689652046788524,4.937579388269511,21.23128591338046
54096,0.36970455848653605,0.45569957426491037,0.04868423788499178,0.25934703487033267
55002,43.57470744815164,48.328829835718594,7.703161144093656,16.780514687685848
55007,37.61821896608857,39.53549519915588,2.0952042133159288,17.364874786077728
55008,0.6834727783486085,0.6808133641053433,0.05952391164635936,0.4014803140361698
55013,2.526994974910997,2.7810354367210963,-0.00035416376241898683,0.7429950642742484
55014,3.600979707950714,3.9482062977427943,0.5141321148471041,1.3223243147589643
55016,7.571798051551808,9.391085937898549,0.7915063989358924,3.770673966755953
55018,1.352047211273389,1.8461962237762204,-0.12999793841545684,0.8136538448583697
55021,5.321659822158817,5.877851366507646,0.4000699916762255,1.559175393922679
55023,78.79229121930643,86.12802449163313,-1.5370103332277496,26.17667422538303
55025,2.1433111587676903,2.6606904824843505,0.2434619989866933,1.1468544621249193
55026,6.23148134829301,6.403994319247239,0.7575282470169329,3.440596985057731
55029,6.216169906257399,7.959540751874559,-0.14797272627131902,4.378348874516782
55032,5.2073429757361875,6.198541574581284,0.20514199865251373,4.420498464115528
56001,29.172594609904177,32.46930073545327,1.2463967384982795,11.363533227877337
56002,6.843298593993615,7.442717209585524,0.645309355206431,2.5170235773578677
56007,1.0746139630228229,1.2041177553565476,-0.015549637852081244,0.41971154267313204
56012,2.067662394144221,1.798716863745349,0.15649094782729803,0.7088143704663119
56013,2.162326602136009,2.176727457263322,-0.21092085525735735,0.677361415518946
57004,4.178485487375633,4.942049039898368,0.5646820301778457,2.1936993559212
57005,20.229896026334988,24.482448211961625,2.631318090557508,8.809850623928966
57006,5.573891496412591,6.456138744321998,0.7339222999616796,2.591987437841931
57007,7.085171289132812,8.12466091357342,0.8371792816455043,3.8801040272729157
57008,5.409567644367872,6.355717483730261,0.8256948266069648,2.321309936511381
57009,4.939791651433129,4.645138063394058,0.03851505843724326,1.874885935716618
58001,6.9830518427658586,6.118907707085344,0.4248578021583934,3.17037781581095
58002,9.373367318863544,10.590016756852055,1.2202520541472341,6.000960671675015
58006,3.1473588993427675,3.564987514056012,0.5563745590258923,1.6896421236983403
58008,1.924538271159291,2.182394599400576,0.33603224334773985,1.145677123634162
58009,1.9318845031218606,1.7983373214166984,-0.01347738399134642,0.7028682693493907
58010,0.6254917423250111,0.6978677123630422,0.055338866356973986,0.5747634925926662
58012,4.509179557672309,4.373636449935931,0.9993599287971017,1.9019237843731511
59001,11.389043158507528,12.650821893180042,2.0906922149575444,7.2803540795322235
60002,10.985610185741653,11.328391922501728,2.184554165241241,6.278876844422339
60003,7.11462634532633,7.344148883337877,0.7317634594452077,3.108110677560225
60005,2.1758092588635387,2.252889331643778,0.09167133059299862,0.9747998859311577
60006,4.764454318046549,4.631192198796997,0.6451486001830653,1.9408957980215076
60010,39.63910211296213,39.924196990359604,2.499935007326016,12.953618541969076
60012,0.7882844436859885,0.7093519042548604,-0.0298728020064126,0.5617676390893949
6007,86.78974174395255,67.64829131941465,5.461960870230444,24.969716361320476
6008,3.129156952492018,4.200094648861312,-0.14595295128005933,1.8531958161792448
61001,5.260956103103599,4.9456512080006325,0.0,1.0
61002,6.2815801048699145,6.16965955015558,0.4203505432535418,2.896653772343301
62001,27.756418184390707,28.3644592594664,2.3447504255769056,8.37428320293196
63001,5.987786104399816,5.765152332915566,0.48751285457814697,3.1675516895688345
63004,2.246558002220449,2.3763706954620885,-0.394869284809571,1.2092084745734017
64001,23.110400764034672,24.624720619209572,0.4455464216274304,9.44675619394293
64002,4.643080465814702,3.941656849677812,-0.02310784151179373,1.8638958428042747
64006,1.5636695495271573,1.3477847806494925,0.28584965612485774,0.584635200146136
65001,5.594605361268826,5.737136697095572,0.42237318768607945,3.190059022093551
65004,2.277521441277956,2.320279791847393,0.3088957213808483,1.1056350447044356
65005,0.615309525629393,0.5850853648824076,0.06541613441189412,0.4326777331252035
65006,5.167028784956641,4.799881572539982,0.5087311491610406,2.2589545701922353
65007,2.51050120804655,2.5530163035952986,0.4599141235499133,1.5352007018057938
65008,1.2304299145390216,1.26462366838166,0.126115012800534,1.1623921815660012
66001,5.707386851077136,6.439630600751329,0.9713260595618484,2.324632690515055
66004,0.6835266925696023,0.49205733003146584,0.04939890207845276,0.14292449370524013
66006,4.051343080816972,4.870018356143714,0.8251744973950206,2.454089217490769
66011,20.196150588726567,23.806773890814316,-0.08913543546722957,12.578319021029428
67001,11.803603660588776,11.60471616671607,1.5835483768509813,4.0618872350965045
67005,2.922349975047927,3.13372735686961,0.191849020055445,0.9943211914722518
67006,5.025299458439066,5.831064415547312,0.19583245715778186,1.9539145371587094
67008,2.3556603622866334,2.307252822395909,-0.09373886850437245,0.952480875416107
67010,0.7640067973660428,0.8572017908554839,-0.023285730146919214,0.4519240298451732
67015,29.72163719863076,29.573829563066212,2.576952646331675,7.170129684873926
67018,2.9707647333363743,3.4846714515970576,0.28962778928411453,1.9663927925104043
67025,1.1872841088635313,1.35869587346443,0.12655888783323824,0.6204124752138308
67033,36.45466825759925,36.38965874321191,5.406974528719513,19.760564003192066
68001,5.400446604901863,5.375952958458227,0.6084077988789228,1.6501582236202343
68003,4.788676955969883,4.169332734164709,1.0442532054865676,2.0716674021816437
68004,0.7790139116522127,0.7728943001800699,0.020639209352058426,0.31035817224992995
68005,1.5058655522911908,1.5106231660163074,0.6489450387124828,1.1703200696084946
68020,1.139669869246919,1.1395747333301913,0.059394110970171096,0.6917864768122156
69002,17.0430216645824,17.61136248964383,0.33149693467549063,7.917678053177959
69007,12.330289768507537,10.754871277948775,2.3441648801610224,4.870083562360218
69012,1.1933032801506134,0.7923218201282489,0.05430054685519854,0.4021265333313334
69015,3.569826424481972,3.288787561524305,0.5107577898964399,1.8633942407660051
69017,3.8601160451483354,3.505349680949585,0.2926954604771465,1.6368936956150981
69023,5.145564375408496,5.569893940012093,0.09640277462101549,1.8788851510369262
69027,3.8726128534687363,3.481618783533947,0.4394264338440083,1.6567301925326265
69030,2.428544979297125,2.100445418958812,0.05623822331575992,0.8894786675249416
69032,1.293888624144229,1.1637156830213873,0.1883569322800274,0.49199606851006944
69043,1.5742321418302168,1.227366276039255,0.42440318382332265,0.6925691187059402
70002,3.696134752409865,3.7982400822915587,1.4418767653408116,1.8169908244739275
7001,11.995872992651757,11.395762439204308,1.038093332294569,9.99563843434718
7002,18.25555922574169,15.728281265376738,0.5401688351401188,12.434226537437521
7003,2.586928800287541,2.172393871892073,-0.20659104951757187,1.65147993311422
7005,2.4916118751346383,2.745919870465718,-0.0788186401333729,1.2754839879605433
7006,0.3513757197124594,0.24709354580914095,-0.01579877234931507,0.21871624774765605
71001,35.375066440027446,39.02002396593248,1.3227200529680512,21.9184083196911
71004,8.574015046179808,10.26218335874831,1.0175641647597442,4.762314891843305
71006,14.809869459721595,18.268268789398327,-0.1253783191953446,6.793781291676534
71008,10.159438552587847,12.03315793371404,-0.5240391843918759,5.195891309864206
71014,3.47568214129621,3.9971700208493615,0.44370626111979006,1.899336515503869
72002,7.126402675362858,8.66483695656695,1.005135465597193,5.535463215693268
72004,39.660473846234595,41.297601045993325,0.1883482968287804,32.82228744501746
72005,11.380255597978133,13.63424360093197,0.3105888047458239,8.484591206493958
72007,0.8525738838644444,1.0318635953949944,0.012284868816600918,0.507719442001692
72009,4.374955602934733,5.553866005879053,0.017577493849201268,2.6797331604001333
72014,0.684391905650847,0.8830266784109966,0.056561951624819716,0.43727137831141655
72015,7.6818708646462674,9.2350754152492,-0.26266499115373165,5.0497144548494735
73005,9.86564723124145,11.961756420212541,0.5843527928837517,5.658527654411566
73009,2.0895700029872217,2.7450199176569408,0.09008310747377453,1.0933412182734383
73010,15.470242373208572,14.01001803880812,0.5190457043300776,3.9312038449298656
73011,2.6128059218165225,3.8340990350865445,0.20558749732745318,1.3243301370053897
73014,5.224099081921502,6.173440790516254,-0.1272711317630671,2.953543865343442
73015,0.6161011795107261,0.7849076132537488,0.04195444749741762,0.4313499842807455
74001,5.424208104646275,5.9626928857425,0.3008078814615336,2.6449317486215387
74005,5.360933593646735,5.428204118345072,0.5813895406150524,2.1891631636624824
74006,2.0874661749246926,2.202754859726774,0.11825268103786397,1.1023528885502902
74007,4.9462447481424014,5.228520372466044,0.2921623765863076,2.7102888076042224
75003,19.969388741396614,19.044334777596667,-0.7808947982043815,7.304945732773794
75004,5.695771905650377,5.8156428784198715,0.19693918523659057,2.43035016064293
75017,2.7578110763715165,3.22756772995181,-0.01168145994129164,1.4368439374600863
76003,17.945711001095372,18.96505429628536,0.9286741671067764,9.827913681082574
76005,16.353756109128277,21.06997492317855,1.461214282534094,16.45763237977025
76007,60.1463011588316,57.3658466321552,1.4352142573925148,31.881221956005305
76008,8.848017535376542,10.536785640478902,0.9504124240155272,7.246397600249953
76011,0.08481302138981756,0.10136889347490262,-0.038021589733409404,0.048130359645851925
76014,2.9514101972250084,3.6759928995449327,0.03805579196640802,2.4802540064130385
77002,21.008241844865363,20.694271558844004,-0.7675297240598357,9.65315702052133
77003,12.246603406481073,14.63203890589393,-0.2032487413928343,7.270427691271331
77004,2.0006064553035134,2.2575464431256638,-0.016457682680223643,1.124303109087264
78003,36.57256640816992,33.72330263214029,-1.1950262728280696,12.156927052355684
78004,3.0909534997809223,3.699157968763592,0.4466868553908808,2.2300838628166044
78006,9.307789143829309,10.151857467026435,0.841526265729603,4.4741553605960975
79002,34.206579667503405,33.567509828642244,-2.293056084464035,13.438461465751828
79003,6.515556196198091,7.184275077109647,0.08418367387069373,3.867402224299722
79004,6.199028396015521,7.513025125119076,0.38219938327633046,3.3365550666096015
79005,9.647605177298027,10.222315956801669,-0.036838333282930236,4.77063033273898
79006,18.88031806444547,21.046520413399797,0.06983722382053857,9.531847973590615
80001,6.869961438142391,8.037612305295037,-0.326561148661894,3.357513300389353
80002,45.91132155832948,37.50890862019874,-2.637245395598357,14.722080312051574
80003,0.3998492666481056,0.40004034349990447,0.036905578564052945,0.2869654946771889
80004,0.20581098122276154,0.2429576214173602,-0.0415116194428252,0.11562653137853787
80005,0.1991595882482885,0.2010029436960703,-0.01680455886715655,0.11643993366134907
80006,1.1274799227795531,0.8778223964337578,0.11458761453868552,0.48149539493697174
8004,12.371495649520787,9.306500454849555,1.0133925719830974,7.1441980696542995
8005,28.75160351204934,24.10381688242732,2.1812446100320857,11.463289663896546
8006,62.316718557051566,41.5473411030612,-1.1507164318873986,21.61484640926304
8009,5.608659062797808,5.151046913754017,0.19377362187549066,3.8563568194794873
8011,1.8085469060976762,1.2607563658109162,0.19454301668841625,1.1172318599042101
8013,7.227813755545422,6.465325469562095,0.3645459230151547,4.752475538222265
81002,17.655775157124626,19.14479445991762,-1.2250992426351233,8.531471737575078
81003,6.572258123345505,7.5072706591857585,0.3590700386146965,3.995720301311722
81004,11.259116578680969,12.217768169226272,-0.8153831152501142,3.9748738591272192
81006,8.05394225600639,8.798957032271469,0.08367986479214973,4.493180036291978
81007,3.416345764854397,4.190612014977275,0.3950919225375993,2.206620000436724
82001,7.100012272195356,7.956037950883756,0.5515806220608854,3.9893397543442153
82003,11.405900999155621,12.570674800875212,0.9323510531350525,6.159903463472626
83003,5.239590360182559,6.008036713355451,0.5089993358204108,3.514786554707503
83004,6.110324928594256,7.318100721494997,-0.19393056263370148,3.7177755374190826
83006,16.266256350205357,18.377036306800836,1.4596405883581927,10.719893602891192
83007,1.6842922720447298,1.7548422279386868,0.01208936240731472,1.0309222276763272
83009,7.12340912969877,7.140330088865704,-1.1899951631834778,3.4535791913912948
83010,2.454109695791876,3.0450305044093477,0.16908975207194157,1.330760216783656
83013,6.968670437786404,7.905072533323624,-0.46756590373897766,3.1532837268758263
84001,8.423618264189857,7.957108384843807,0.8574315190746965,4.108030133664817
84004,22.725176025422158,21.51923939765976,-0.7337884622748972,9.170656967011206
84005,49.25016205504326,47.420676061085715,-0.05363523935417626,18.884978571716516
84008,1.6963379070378792,2.183357995884867,0.004552075881843902,1.0574679678385273
84009,1.8662924373710614,2.175648312547026,0.2568111780693962,1.1562094779688183
84012,7.387312073167507,9.00854072770146,-1.0394435051057653,3.210211581374398
84013,52.125490362391645,50.176612523254605,-0.6894517872615243,18.828368270966692
84014,8.435763574299399,10.263232091122566,0.298335053468471,4.642467967314773
84016,0.9898758263350065,1.0862968985708628,-0.2421214062423578,0.3928774001740116
84017,4.718826825604747,4.749217318219653,0.20631694520995894,1.5542658110039858
84018,28.7308738925148,28.31354746930551,-2.6967477713086265,10.010683841985115
84019,2.57590086638521,3.106024931253898,-0.32185248965756275,1.2148555524847797
84020,2.1751371251072515,2.3134096012722862,-0.03536991378206024,1.2583208806978174
84022,3.504628962998628,3.8612464994909748,0.09752530616343223,2.127489098664834
84026,1.4686735244865385,1.4698643049225268,-0.28133442818466453,0.5810135246331212
84030,3.9203339377453172,4.675811227061866,-0.3159204288429621,1.9833938061293759
85001,47.76148397110917,31.28446386373625,2.9059742964268827,10.380395615901724
85002,7.853977438439053,8.659657151779113,0.5173233779371521,5.337976059149508
85003,6.6158741178411695,7.928045628056865,-0.653090007286125,3.636005328901509
85004,2.9349101295025113,3.165160295221992,-0.5933924510793891,1.402774914268113
88001,2.769757476335008,2.947119056869957,-0.1705333882775217,1.8764732958816528
89002,5.012513963313549,5.854223620020462,-0.25524331073476497,3.0010554083301946
89003,22.747846935782736,26.050131955223282,0.3899806509475627,15.803261604713642
89005,5.115673989881327,5.970966904831871,-0.20438688830848928,5.681049078612204
89007,1.6421449811866726,1.549958858078837,-0.45231842882072115,0.9398567813872175
90003,5.831133050607022,7.297263055449528,0.7079358752936878,3.5360490333691907
9002,13.773357846280215,13.686783632643508,1.3921328367215884,8.344225141480209
9003,2.232669811264259,2.7157772319924884,0.43498423216734367,1.7688544641752084
9004,2.7614631315426736,2.397354189279735,0.08914389678321771,0.9108276131467865
9005,1.3283912799224094,1.2612674071252006,0.11397292800712004,1.154396296919361
92001,21.429732300273834,14.040717883143971,0.1241245411369695,3.776656618438377
93001,10.446170519452286,11.977419759833008,0.18173913658521224,5.192812361677967
94001,28.939023012186293,20.47411367524629,0.7760160371172524,5.489437095515154
95001,8.32700390592881,5.380347372344427,-0.2337451199820173,2.3006239647886577
96001,5.538411327780014,7.208303561761082,-0.6757869384744911,2.857853757110902
96002,15.11217762618897,14.868576273069129,0.4948831226276586,6.228850424713075
96004,6.033333520365136,7.158858485372949,1.1679124823574805,4.712484580766727
97002,9.10458408279782,9.753258490090674,-0.039216646219762716,4.935434803933091
