date,basin,observed,nh_prediction,gnn_prediction,watch,warning,severe,prediction,status
2022-09-30,10002,2.31,1.228632,1.594638749542357,9.13,12.69,24.30160000000004,1.594638749542357,Normal
2022-09-30,10003,2.69,2.158596,2.5416099176221905,15.645,19.95,33.8825,2.5416099176221905,Normal
2022-09-30,1001,9.0,1.7340508,2.0471605029418845,7.857000000000016,10.653000000000002,17.464899999999997,2.0471605029418845,Normal
2022-09-30,101002,0.17000008,0.22248793,0.2713954880787619,0.54,0.8,1.8438000000000103,0.2713954880787619,Normal
2022-09-30,101005,0.17000008,0.17411089,0.1622501656960323,0.4,0.62,1.495,0.1622501656960323,Normal
2022-09-30,102001,0.14999962,0.39435816,0.4005825756023576,0.94,1.4084999999999943,2.807900000000018,0.4005825756023576,Normal
2022-09-30,106001,2.94,4.1550846,4.160202860580888,3.895999999999999,5.098999999999998,7.579200000000001,4.160202860580888,Watch
2022-09-30,107001,3.0100002,1.612751,1.5558392681952693,1.28,1.68,2.5144000000000006,1.5558392681952693,Watch
2022-09-30,11001,12.12,8.601111,11.728178901145522,39.97600000000002,51.6865,86.33039999999993,11.728178901145522,Normal
2022-09-30,11003,7.73,8.200419,8.992987847324809,18.3,24.55,43.65479999999996,8.992987847324809,Normal
2022-09-30,11004,1.7799997,1.6914554,1.6594426383465375,6.13,7.81,13.650600000000011,1.6594426383465375,Normal
2022-09-30,12001,103.8,37.8929,42.05909478294733,75.72300000000001,103.86499999999997,180.52599999999984,42.05909478294733,Normal
2022-09-30,12002,112.4,48.355164,49.03146984559061,96.305,129.6,242.0,49.03146984559061,Normal
2022-09-30,12005,14.83,5.809087,5.788155690165197,7.49,10.715,21.12199999999997,5.788155690165197,Normal
2022-09-30,12006,6.49,5.1675897,5.420590224580197,7.54,10.525999999999986,19.4098,5.420590224580197,Normal
2022-09-30,12007,56.42,24.340761,25.54690432662256,25.725,36.93,62.385,25.54690432662256,Normal
2022-09-30,12008,16.69,8.286228,9.132534256276667,11.78,17.805999999999994,41.48919999999998,9.132534256276667,Normal
2022-09-30,12009,,4.1802764,3.9939991758683937,2.91,4.638499999999994,10.763099999999984,3.9939991758683937,Watch
2022-09-30,13001,1.8299999,1.0849056,1.056080450072416,4.34,6.33,13.794000000000016,1.056080450072416,Normal
2022-09-30,13004,5.02,3.7800512,4.373657481892878,6.398000000000011,8.878499999999995,16.083299999999973,4.373657481892878,Normal
2022-09-30,13005,0.80999947,1.0709829,0.6688349024144811,3.63,5.598999999999997,11.631200000000026,0.6688349024144811,Normal
2022-09-30,13007,47.58,15.120899,17.059577428064316,39.38200000000001,55.69649999999998,114.60299999999934,17.059577428064316,Normal
2022-09-30,13008,21.93,10.62335,12.163431793828348,25.428,34.80799999999999,64.04760000000006,12.163431793828348,Normal
2022-09-30,14001,2.12,1.4410605,1.4465463841376758,8.153000000000011,11.532999999999992,21.453899999999976,1.4465463841376758,Normal
2022-09-30,14002,0.6500001,0.49333858,0.5401650646547641,3.37,4.88,9.081199999999953,0.5401650646547641,Normal
2022-09-30,14005,0.17000008,0.23181772,0.1631071090668874,1.16,1.7,3.5,0.1631071090668874,Normal
2022-09-30,15006,154.5,84.14228,108.41608136282936,351.4300000000001,442.065,656.9259999999998,108.41608136282936,Normal
2022-09-30,15007,48.54,44.069916,47.782358085813264,125.2,156.96499999999995,229.2129999999999,47.782358085813264,Normal
2022-09-30,15010,11.4,7.035916,7.578163785618024,16.25,22.985,40.924000000000014,7.578163785618024,Normal
2022-09-30,15011,32.53,18.451294,20.736876003369414,26.652000000000044,39.2765,75.98079999999986,20.736876003369414,Normal
2022-09-30,15012,86.3,46.9541,54.629417355189645,145.6,178.47999999999993,288.0520000000004,54.629417355189645,Normal
2022-09-30,15013,4.68,4.8515415,5.808422806352667,11.52,17.041999999999934,31.143800000000013,5.808422806352667,Normal
2022-09-30,15014,7.5,3.2577891,3.5009459975391164,7.489000000000006,11.349499999999995,19.465199999999967,3.5009459975391164,Normal
2022-09-30,15016,20.52,40.617607,40.38462945368313,100.2,123.1,173.70100000000002,40.38462945368313,Normal
2022-09-30,15021,,0.8992567,1.1298425929232971,3.37,4.35,7.081199999999989,1.1298425929232971,Normal
2022-09-30,15023,5.6,4.4423785,5.011125603999904,16.44,23.783999999999995,42.24280000000004,5.011125603999904,Normal
2022-09-30,15024,42.08,34.42594,34.439261571849904,41.753,57.01099999999995,101.16899999999988,34.439261571849904,Normal
2022-09-30,15025,21.14,11.492855,12.225072759571246,28.889000000000006,39.50849999999999,68.3942999999996,12.225072759571246,Normal
2022-09-30,15030,2.17,1.9948354,1.6525994367310377,7.968000000000011,11.446999999999996,20.81799999999985,1.6525994367310377,Normal
2022-09-30,15039,29.19,9.207037,9.934241269131356,15.8,23.8375,42.265,9.934241269131356,Normal
2022-09-30,16001,32.26,25.859045,27.78056814239143,50.82900000000004,66.23299999999999,103.41299999999993,27.78056814239143,Normal
2022-09-30,16003,21.399998,15.330063,16.127743064117396,12.77,19.12,35.90959999999992,16.127743064117396,Watch
2022-09-30,16004,35.3,27.96954,31.407895212388087,65.35199999999999,86.74199999999999,141.09600000000046,31.407895212388087,Normal
2022-09-30,17001,6.89,5.5899496,5.59934202036196,8.667000000000007,13.08,25.63810000000001,5.59934202036196,Normal
2022-09-30,17003,1.7000003,2.376616,2.363062107524598,2.84,4.206499999999997,8.16,2.363062107524598,Normal
2022-09-30,17004,,0.7561388,0.9009085374947596,4.76,6.6,12.66349999999995,0.9009085374947596,Normal
2022-09-30,17005,2.83,5.1890326,5.325159879811987,9.81,14.886499999999996,26.937799999999957,5.325159879811987,Normal
2022-09-30,17015,1.2399998,1.1187906,1.0700788726664547,1.72,2.65,5.065,1.0700788726664547,Normal
2022-09-30,17018,0.14999962,0.26413345,0.2480434056959371,0.33,0.46,0.87,0.2480434056959371,Normal
2022-09-30,18001,9.44,11.126043,11.723137104602593,12.36,17.736499999999996,31.13,11.723137104602593,Normal
2022-09-30,18002,,6.0146027,6.446073154654071,9.733000000000011,13.966499999999996,28.112599999999983,6.446073154654071,Normal
2022-09-30,18003,31.730001,23.533651,24.46957968528406,58.99300000000001,82.45599999999999,129.42599999999985,24.46957968528406,Normal
2022-09-30,18008,10.08,17.886223,17.483025292896013,31.98,42.67,64.03599999999992,17.483025292896013,Normal
2022-09-30,18010,15.02,18.575527,19.88280975609025,38.05,52.29949999999999,79.1993999999997,19.88280975609025,Normal
2022-09-30,18011,42.43,43.442566,43.00254184469921,117.9,154.58999999999995,246.39900000000017,43.00254184469921,Normal
2022-09-30,18014,1.4000001,0.79219246,1.0313846415986314,1.96,2.82,5.790800000000018,1.0313846415986314,Normal
2022-09-30,18017,,1.851203,1.9039506742863652,1.43,2.29,4.41039999999999,1.9039506742863652,Watch
2022-09-30,18018,,1.1919312,1.205872053998065,0.97,1.42,2.82,1.205872053998065,Watch
2022-09-30,19001,8.4,3.307664,3.2052595066012453,14.34,22.05149999999996,44.68639999999977,3.2052595066012453,Normal
2022-09-30,19006,1.3300004,1.1317606,1.0059461104126222,3.26,4.736999999999989,9.162799999999988,1.0059461104126222,Normal
2022-09-30,19010,0.14999962,0.1519804,0.1384352843662759,0.35,0.48,1.0628999999999906,0.1384352843662759,Normal
2022-09-30,19017,0.4499998,0.23024225,0.2069325446246061,1.03,1.6455000000000015,3.717299999999996,0.2069325446246061,Normal
2022-09-30,19020,0.92000055,1.4990058,1.391026113987065,1.84,2.93,6.33550000000001,1.391026113987065,Normal
2022-09-30,20002,0.029999733,0.054687977,0.036218798223207,0.27,0.44,1.261299999999992,0.036218798223207,Normal
2022-09-30,20003,1.0999999,0.57914495,0.5739936020971447,2.83,4.497999999999993,9.91,0.5739936020971447,Normal
2022-09-30,20007,0.38999987,0.5233903,0.3925405352406733,1.49,2.14,4.617200000000012,0.3925405352406733,Normal
2022-09-30,2001,45.15,18.898577,20.613765315582175,28.922000000000008,42.50899999999998,71.01439999999995,20.613765315582175,Normal
2022-09-30,2002,26.68,27.572094,27.69162131994119,31.595999999999997,44.87699999999996,77.22220000000013,27.69162131994119,Normal
2022-09-30,21003,23.87,15.5677185,15.479196130962157,34.56,45.6465,79.47379999999978,15.479196130962157,Normal
2022-09-30,21006,52.54,29.914219,26.91724169918768,80.95900000000003,110.4,190.9,26.91724169918768,Normal
2022-09-30,21008,31.359999,19.94332,20.30065781093708,44.93900000000004,65.53949999999999,121.05199999999968,20.30065781093708,Normal
2022-09-30,21009,71.11,62.3357,57.21648219669846,170.9600000000002,232.365,406.25199999999967,57.21648219669846,Normal
2022-09-30,21011,7.18,9.613979,8.878921096319385,14.93,20.53,35.39729999999983,8.878921096319385,Normal
2022-09-30,21012,25.14,11.846319,11.964909762959682,20.43300000000001,29.24299999999999,54.11649999999996,11.964909762959682,Normal
2022-09-30,21013,3.0100002,3.0351238,2.7899912692581266,8.12,11.41,20.731299999999997,2.7899912692581266,Normal
2022-09-30,21015,3.73,2.2367992,1.8148227744413736,7.316000000000021,11.016499999999995,22.342599999999983,1.8148227744413736,Normal
2022-09-30,21016,0.52999926,0.5308442,0.3449335820134981,2.6,4.266499999999996,10.575199999999969,0.3449335820134981,Normal
2022-09-30,21017,12.09,7.190167,7.264232963650369,4.5,6.816499999999996,13.54,7.264232963650369,Warning
2022-09-30,21018,3.5699997,2.2039967,1.824638826047142,6.63,9.04,16.085199999999965,1.824638826047142,Normal
2022-09-30,21022,4.28,4.6950006,4.580145730187577,13.01300000000001,19.65299999999999,41.150399999999934,4.580145730187577,Normal
2022-09-30,21023,0.09000015,0.39755964,0.5364347249301302,2.03,3.51,9.29880000000001,0.5364347249301302,Normal
2022-09-30,21024,4.77,2.1854615,2.3291924412433977,5.15,8.127000000000008,17.3817,2.3291924412433977,Normal
2022-09-30,21026,8.92,6.413633,6.551628019780057,3.4,5.32,10.62870000000001,6.551628019780057,Warning
2022-09-30,21027,0.5600004,0.968308,0.8637909715685166,3.47,5.3,13.077999999999992,0.8637909715685166,Normal
2022-09-30,22001,6.91,4.758416,4.563540950340673,18.4,28.3,59.51299999999992,4.563540950340673,Normal
2022-09-30,22006,0.52999926,0.8180299,0.6774577327106963,4.66,7.706999999999989,19.513999999999943,0.6774577327106963,Normal
2022-09-30,22007,1.2600002,1.9103098,2.138795793464473,7.03,11.3,28.81800000000003,2.138795793464473,Normal
2022-09-30,22009,6.69,5.5246015,5.761749146465992,11.913999999999996,17.17599999999997,39.8248,5.761749146465992,Normal
2022-09-30,23001,72.9,38.82099,39.27426304138928,100.0,148.6,284.5599999999995,39.27426304138928,Normal
2022-09-30,23004,65.4,30.856613,31.0207446254403,45.1,67.5,134.1299999999992,31.0207446254403,Normal
2022-09-30,23007,2.3900003,1.6682577,2.3266732337759093,4.15,6.475,16.172499999999964,2.3266732337759093,Normal
2022-09-30,23008,6.27,6.5982046,6.660266096377216,13.7,21.0,46.69199999999982,6.660266096377216,Normal
2022-09-30,23011,6.69,4.0301905,3.731898167766932,4.38,6.91,13.5,3.731898167766932,Normal
2022-09-30,23016,0.52999926,0.09361744,0.0601755396744371,0.6210000000000037,1.08,3.0090999999999983,0.0601755396744371,Normal
2022-09-30,24001,20.900002,10.53649,10.28017233268232,25.3,39.6,79.14500000000007,10.28017233268232,Normal
2022-09-30,24003,19.8,11.847316,11.989127052195718,9.14,15.1,31.2,11.989127052195718,Watch
2022-09-30,24004,0.94000006,1.1527658,0.9614434253790836,2.75,3.96,8.047700000000004,0.9614434253790836,Normal
2022-09-30,24005,0.8800006,0.85265493,0.5769169070158552,3.23,5.1,12.1,0.5769169070158552,Normal
2022-09-30,25001,31.7,17.458172,19.23606225820305,42.51000000000003,63.7,123.0,19.23606225820305,Normal
2022-09-30,25003,2.9899998,2.3398414,2.3403766886566224,1.53,2.26,4.02,2.3403766886566224,Warning
2022-09-30,25006,5.29,2.3467588,2.296632141245494,5.88,9.73,20.01299999999992,2.296632141245494,Normal
2022-09-30,25012,6.12,3.663899,3.6416249466095754,2.6039999999999965,3.93,7.551399999999994,3.6416249466095754,Watch
2022-09-30,25020,0.48999977,0.41487694,0.4206894930996612,1.84,2.92,8.30600000000004,0.4206894930996612,Normal
2022-09-30,25021,0.42999983,0.2372489,0.2486147129656018,0.78,1.35,3.423999999999978,0.2486147129656018,Normal
2022-09-30,25029,0.7199998,0.6121998,0.7633836829447679,,,,0.7633836829447679,Normal
2022-09-30,26003,0.25,0.18139553,0.3196747610572014,1.22,1.49,2.1425,0.3196747610572014,Normal
2022-09-30,26005,0.0,0.02481842,-0.0350698029065848,0.57,0.92,2.0285999999999964,0.0,Normal
2022-09-30,26006,0.010000229,0.123906136,0.2883020726263415,1.5,1.85,2.95,0.2883020726263415,Normal
2022-09-30,26008,0.07999992,0.11891222,0.1640411785731685,0.44,0.56,0.7784000000000015,0.1640411785731685,Normal
2022-09-30,26009,0.4699998,0.35627365,0.4631902828934743,4.72,5.71,7.111499999999997,0.4631902828934743,Normal
2022-09-30,27001,4.49,2.3375335,3.628860743275253,18.0,24.675,47.2,3.628860743275253,Normal
2022-09-30,27002,7.29,8.809404,8.777519739524365,41.5,58.7,106.1299999999992,8.777519739524365,Normal
2022-09-30,27003,24.6,10.696833,12.90223538429346,79.7800000000001,106.0,188.0,12.90223538429346,Normal
2022-09-30,27006,2.46,2.1734352,2.8431115310417674,10.727000000000098,16.4,34.31299999999992,2.8431115310417674,Normal
2022-09-30,27007,18.6,11.2617035,14.055140545133494,53.0,75.61000000000003,136.0,14.055140545133494,Normal
2022-09-30,27009,15.7,12.562628,17.991342610583644,127.0,175.175,275.0,17.991342610583644,Normal
2022-09-30,27021,10.9,4.853798,5.3036798897364745,32.979000000000035,49.5,95.29899999999998,5.3036798897364745,Normal
2022-09-30,27023,0.75999975,0.5159383,0.516608373206385,2.81,4.39,9.811299999999992,0.516608373206385,Normal
2022-09-30,27025,3.9099998,1.4334369,2.4348593080940715,8.577000000000007,13.295500000000011,26.75699999999997,2.4348593080940715,Normal
2022-09-30,27026,1.1199999,0.55425787,0.5143458905313066,4.43,6.721999999999989,14.403999999999906,0.5143458905313066,Normal
2022-09-30,27029,8.74,3.0380278,3.7546383044777514,17.9,25.8,44.86599999999999,3.7546383044777514,Normal
2022-09-30,27030,2.27,1.1704574,1.7702230670546173,6.59,9.893999999999997,20.38799999999992,1.7702230670546173,Normal
2022-09-30,27032,0.25,0.2721839,0.2400587267081974,0.39,0.58,1.0956999999999972,0.2400587267081974,Normal
2022-09-30,27034,30.7,21.028511,22.563370876424933,39.96000000000004,58.69599999999999,114.0,22.563370876424933,Normal
2022-09-30,27035,4.26,2.971064,3.394503735092308,16.3,24.2,42.11399999999994,3.394503735092308,Normal
2022-09-30,27038,0.55000067,0.43518972,0.4994726422222116,0.81,0.91,1.056299999999992,0.4994726422222116,Normal
2022-09-30,27041,4.88,6.2849646,7.64799484931413,33.5,44.50499999999992,64.28099999999995,7.64799484931413,Normal
2022-09-30,27042,0.64000034,0.4643259,0.4748974143779618,2.1,2.8929999999999927,5.588600000000006,0.4748974143779618,Normal
2022-09-30,27043,23.8,16.687366,16.359807582859595,35.8,51.75499999999992,93.4,16.359807582859595,Normal
2022-09-30,27049,1.23,1.3074732,1.6496687914101398,6.758999999999996,8.92,15.919000000000052,1.6496687914101398,Normal
2022-09-30,27051,0.029999733,0.10998535,0.0739071178702325,0.27,0.43,0.95,0.0739071178702325,Normal
2022-09-30,27062,2.17,2.6430354,3.545991814130477,19.72,29.24,56.06600000000001,3.545991814130477,Normal
2022-09-30,27064,0.2300005,0.17595434,0.1976164046175092,1.05,1.7644999999999982,4.556099999999915,0.1976164046175092,Normal
2022-09-30,27065,1.3899999,1.4025664,1.3024050863879624,4.915,7.28,13.654999999999928,1.3024050863879624,Normal
2022-09-30,27071,8.13,6.927499,7.262641162440081,46.24,66.59,114.525,7.262641162440081,Normal
2022-09-30,27073,0.05000019,0.06681156,0.0920179007689789,0.51,0.61,0.8325,0.0920179007689789,Normal
2022-09-30,27077,0.7999997,0.3007245,0.1109647889414776,1.3490000000000055,1.9944999999999984,4.054699999999993,0.1109647889414776,Normal
2022-09-30,27079,15.4,4.8219314,4.905670906858349,42.415,59.9675,111.13499999999996,4.905670906858349,Normal
2022-09-30,27080,16.4,4.1347933,8.306898045222553,39.56999999999999,55.5,92.07230000000004,8.306898045222553,Normal
2022-09-30,27084,0.5100007,0.4015112,0.2450181270809172,2.19,3.42,6.595199999999968,0.2450181270809172,Normal
2022-09-30,27087,0.8400006,1.1427093,1.4824829706435896,7.35,9.080499999999985,13.867000000000008,1.4824829706435896,Normal
2022-09-30,27089,5.31,6.754738,5.994234046468567,41.7,58.63499999999999,113.86999999999988,5.994234046468567,Normal
2022-09-30,27090,22.7,10.459929,11.429717362887608,31.55999999999999,47.44999999999986,92.35599999999984,11.429717362887608,Normal
2022-09-30,28001,0.75999975,1.0199218,0.8620434124006955,4.997999999999993,8.336999999999989,18.511199999999956,0.8620434124006955,Normal
2022-09-30,28003,7.72,5.3818865,4.5674952502618495,9.23,13.1,26.16400000000016,4.5674952502618495,Normal
2022-09-30,28008,2.6800003,2.275352,2.640123447440674,15.9,21.475499999999972,34.4,2.640123447440674,Normal
2022-09-30,28009,39.88,23.873024,31.429987136983407,176.0,241.0,376.0,31.429987136983407,Normal
2022-09-30,28012,6.64,5.2045693,4.8199249409014016,23.7,32.9,54.5,4.8199249409014016,Normal
2022-09-30,28015,1.1299996,0.94650364,0.7329639424135759,4.316999999999998,5.393499999999994,8.230699999999997,0.7329639424135759,Normal
2022-09-30,28018,5.04,4.029315,3.94783644692683,28.23000000000011,39.4,68.71299999999992,3.94783644692683,Normal
2022-09-30,28022,40.58,26.82876,34.950471296002206,183.33000000000013,253.25999999999985,396.8519999999997,34.950471296002206,Normal
2022-09-30,28023,1.6700001,0.62126637,0.996066359895664,6.01,7.735,12.12,0.996066359895664,Normal
2022-09-30,28024,0.3000002,0.84491014,0.2573491559707414,6.868999999999996,11.682499999999946,24.989599999999992,0.2573491559707414,Normal
2022-09-30,28026,1.1399999,0.7564516,0.8855118033881778,6.17,9.336499999999996,20.291299999999996,0.8855118033881778,Normal
2022-09-30,28031,1.52,1.699295,1.5968374226618325,7.67,11.4,20.6,1.5968374226618325,Normal
2022-09-30,28033,0.21999979,0.2509346,0.2276013545598779,0.6,0.84,1.5767000000000009,0.2276013545598779,Normal
2022-09-30,28039,1.3800001,0.7538147,0.6416646860225784,1.53,2.41,5.2437000000000085,0.6416646860225784,Normal
2022-09-30,28040,0.64000034,0.34671688,0.1813373327208201,1.34,2.056499999999996,4.301299999999992,0.1813373327208201,Normal
2022-09-30,28043,1.9499993,2.4339266,2.9731849894354725,14.3,20.9,38.31299999999992,2.9731849894354725,Normal
2022-09-30,28044,0.19999933,0.21553516,0.2390494286135762,0.5,0.6,0.81,0.2390494286135762,Normal
2022-09-30,28046,0.6800003,0.5427623,0.4059424062880667,3.7,4.62,6.99,0.4059424062880667,Normal
2022-09-30,28048,1.1699996,0.41013718,0.4470295675648373,2.81,4.388500000000003,10.2,0.4470295675648373,Normal
2022-09-30,28050,0.3699999,0.42084408,0.4643765126194609,1.6,2.3104999999999927,4.132200000000012,0.4643765126194609,Normal
2022-09-30,28052,0.5799999,0.37274313,0.2457538770395602,2.33,3.2310000000000034,6.562199999999994,0.2457538770395602,Normal
2022-09-30,28055,0.3499999,0.3096962,0.2640711201960461,1.49,2.2,4.39,0.2640711201960461,Normal
2022-09-30,28056,0.32000017,0.33208466,0.1690755437257389,1.66,2.57,5.882999999999993,0.1690755437257389,Normal
2022-09-30,28060,0.17999983,0.043286324,0.1515789172027598,0.26,0.36,0.77,0.1515789172027598,Normal
2022-09-30,28066,1.7000003,0.8027382,0.6719147972860127,2.06,3.08,6.26,0.6719147972860127,Normal
2022-09-30,28067,9.26,5.1746387,5.299925090240718,39.316,53.53599999999999,89.99799999999998,5.299925090240718,Normal
2022-09-30,28072,0.17000008,0.13905191,0.1504459057017929,0.54,0.79,1.6645000000000072,0.1504459057017929,Normal
2022-09-30,28074,4.61,2.721654,3.065517090356563,26.819999999999983,40.65999999999995,65.3,3.065517090356563,Normal
2022-09-30,28080,17.24,10.354652,11.127051058197283,22.8,30.2,52.05199999999968,11.127051058197283,Normal
2022-09-30,28081,4.5,2.3842578,2.480636888971387,3.81,5.120499999999997,9.36329999999998,2.480636888971387,Normal
2022-09-30,28082,0.42999983,0.45896816,0.0788768889407573,3.16,4.848500000000003,10.31,0.0788768889407573,Normal
2022-09-30,28085,7.41,4.8523383,5.742214471085028,36.0,49.0,82.31299999999992,5.742214471085028,Normal
2022-09-30,28091,1.1399999,0.41895247,0.5548608506869881,2.77,3.81,6.68239999999998,0.5548608506869881,Normal
2022-09-30,28093,4.9,2.6821952,2.7359580182848813,21.96,34.077499999999986,57.43749999999994,2.7359580182848813,Normal
2022-09-30,28115,1.1999998,0.72195005,0.7622614839381486,1.0,1.237999999999997,2.028800000000001,0.7622614839381486,Normal
2022-09-30,28116,1.0,0.34041548,0.4431431865788472,1.38,1.7779999999999996,2.7715999999999985,0.4431431865788472,Normal
2022-09-30,28117,4.7799997,4.9404335,5.770160061132005,31.93200000000001,41.66199999999999,73.37559999999999,5.770160061132005,Normal
2022-09-30,29002,0.32000017,0.24215746,0.3112778137516877,1.14,1.35,1.97,0.3112778137516877,Normal
2022-09-30,29003,0.14999962,0.17633343,0.2563241418362598,0.87,1.07,1.48,0.2563241418362598,Normal
2022-09-30,29005,0.17000008,0.12482405,0.3758503669854091,0.96,1.41,3.21,0.3758503669854091,Normal
2022-09-30,29009,0.010000229,0.045283794,0.0163899552519921,0.38,0.55,1.0140999999999984,0.0163899552519921,Normal
2022-09-30,30001,0.4499998,0.40731764,0.6519764766051153,3.96,5.486499999999997,10.1,0.6519764766051153,Normal
2022-09-30,30004,0.19999933,0.22470522,0.2486316094204992,0.92,1.32,2.684799999999996,0.2486316094204992,Normal
2022-09-30,30005,0.17999983,0.21983242,0.3065296402224486,1.7,2.31,3.58,0.3065296402224486,Normal
2022-09-30,30011,0.10999966,0.2423954,0.2728443152554382,0.74,0.98,1.64,0.2728443152554382,Normal
2022-09-30,30012,0.029999733,0.1339016,0.1262504001483331,0.6,0.94,2.49,0.1262504001483331,Normal
2022-09-30,30014,0.0,-0.025940895,-0.0303227900898909,0.16,0.26,0.66,0.0,Normal
2022-09-30,30015,0.07999992,0.12955761,0.1014333298245367,0.61,0.74,1.06,0.1014333298245367,Normal
2022-09-30,3003,35.06,32.797325,34.127599925783024,40.17700000000003,57.254499999999936,108.20300000000007,34.127599925783024,Normal
2022-09-30,31002,0.029999733,0.033885002,-0.1022543585584442,2.9,4.42,9.779199999999982,0.0,Normal
2022-09-30,31006,0.26000023,0.22172213,0.1182650359350546,1.32,1.6,2.44,0.1182650359350546,Normal
2022-09-30,31010,0.09000015,0.29027796,0.2499980605097996,1.16,1.71,3.56,0.2499980605097996,Normal
2022-09-30,31021,0.13999987,-0.053082466,0.0679493796356411,3.46,5.491499999999997,12.5,0.0679493796356411,Normal
2022-09-30,31023,0.0,0.007089138,-0.0143923942688795,0.05,0.11,0.3272999999999956,0.0,Normal
2022-09-30,31025,0.010000229,0.13342142,0.0355614693444551,0.47,0.82,2.1304999999999925,0.0355614693444551,Normal
2022-09-30,32003,0.13999987,0.13338661,0.081567804801508,0.92,1.55,3.8758,0.081567804801508,Normal
2022-09-30,32004,0.39999962,0.45467663,0.5302701173310623,2.97,4.5,9.172999999999991,0.5302701173310623,Normal
2022-09-30,32006,0.46000004,0.44769,0.6302195318598175,3.2330000000000108,4.9,10.1,0.6302195318598175,Normal
2022-09-30,32008,0.25,0.24108315,0.2159469977357134,1.48,2.29,4.854799999999996,0.2159469977357134,Normal
2022-09-30,33006,0.5799999,0.4636879,1.1563005295810174,3.63,4.51,6.321299999999992,1.1563005295810174,Normal
2022-09-30,33007,0.3699999,0.39171124,0.3054549023878499,1.94,2.27,3.01,0.3054549023878499,Normal
2022-09-30,33012,0.01999998,0.15583324,-0.0807927029489214,1.45,3.0,8.66649999999996,0.0,Normal
2022-09-30,33013,0.069999695,0.16924715,0.1175890472720903,1.55,2.33,4.722599999999984,0.1175890472720903,Normal
2022-09-30,33014,0.5199995,0.26088142,0.2643472196231862,2.27,3.08,5.633600000000006,0.2643472196231862,Normal
2022-09-30,33018,0.21000004,0.16847706,0.2845779573612563,2.2,3.2964999999999964,7.052599999999984,0.2845779573612563,Normal
2022-09-30,33019,0.27000046,0.4518981,0.4384357253381557,3.88,4.99,7.672599999999984,0.4384357253381557,Normal
2022-09-30,33020,0.010000229,0.23505211,0.5032513391902986,2.05,3.81,9.728799999999977,0.5032513391902986,Normal
2022-09-30,33021,0.28999996,0.22671175,0.0846958162341932,2.4739999999999966,3.54,6.946999999999972,0.0846958162341932,Normal
2022-09-30,33022,1.2900004,1.1728854,1.501996154063062,5.333000000000011,7.386499999999996,14.1,1.501996154063062,Normal
2022-09-30,33023,0.029999733,0.066711426,0.0085702309203879,0.61,0.8764999999999964,1.861299999999992,0.0085702309203879,Normal
2022-09-30,33024,0.15999937,0.25817537,0.0993671657339963,1.72,2.37,4.65,0.0993671657339963,Normal
2022-09-30,33026,2.8400002,5.1281204,5.512355772756308,35.66,56.08,95.18899999999988,5.512355772756308,Normal
2022-09-30,33028,0.47999954,0.2808504,0.484320713944571,1.52,2.12,4.0,0.484320713944571,Normal
2022-09-30,33029,0.029999733,0.0403862,0.1070030717169648,1.05,1.29,1.86,0.1070030717169648,Normal
2022-09-30,33031,0.21000004,0.11008215,0.1436652438171491,0.64,1.1,3.063700000000008,0.1436652438171491,Normal
2022-09-30,33032,0.069999695,0.08361244,0.074267433436649,0.4,0.5,0.69,0.074267433436649,Normal
2022-09-30,33033,0.42999983,0.40398502,0.450572716279026,1.12,1.41,2.22,0.450572716279026,Normal
2022-09-30,33034,0.65999985,1.3263097,1.075370794228278,7.193000000000011,9.55949999999999,16.4,1.075370794228278,Normal
2022-09-30,33035,,7.5844426,7.710569372650666,33.3,43.5,71.0,7.710569372650666,Normal
2022-09-30,33039,2.4899998,2.4873233,3.439888428064263,28.2,44.2,69.6,3.439888428064263,Normal
2022-09-30,33053,0.029999733,0.0854125,0.0324177249193894,0.56,0.9,2.144599999999991,0.0324177249193894,Normal
2022-09-30,33054,0.2399993,0.23681688,0.3054464428977547,0.84,1.0,1.25,0.3054464428977547,Normal
2022-09-30,33058,0.36000013,0.33392906,0.5718795999268327,3.8940000000000055,5.86,12.868000000000029,0.5718795999268327,Normal
2022-09-30,34002,0.19999933,0.119362354,0.1867420503324502,1.5,2.2,4.435600000000013,0.1867420503324502,Normal
2022-09-30,34003,0.71000004,0.68587065,0.6983254918366564,1.73,2.1064999999999965,3.4912999999999923,0.6983254918366564,Normal
2022-09-30,34004,2.2799997,1.67168,1.7290019892402602,7.37,9.670499999999992,16.9,1.7290019892402602,Normal
2022-09-30,34005,0.14999962,0.16879034,0.2120528398635628,0.7,0.98,1.86,0.2120528398635628,Normal
2022-09-30,34006,0.21000004,0.22793245,0.210951833071593,4.0,6.6,15.21299999999992,0.210951833071593,Normal
2022-09-30,34007,0.15999937,0.20375204,0.2204081965568963,1.41,2.42,6.434400000000005,0.2204081965568963,Normal
2022-09-30,34008,0.2399993,0.23033142,0.2168488551512093,0.4210000000000036,0.49,0.71,0.2168488551512093,Normal
2022-09-30,34010,0.07999992,0.15519238,0.0589476720018851,1.6660000000000037,2.8,6.90359999999997,0.0589476720018851,Normal
2022-09-30,34011,,0.37622786,0.3571435045839515,1.62,1.98,3.0,0.3571435045839515,Normal
2022-09-30,34012,0.15999937,0.1030364,0.0782075547952074,0.57,0.72,0.94,0.0782075547952074,Normal
2022-09-30,35003,0.03999996,0.061284065,0.0688731231998554,0.59,1.15,3.225699999999997,0.0688731231998554,Normal
2022-09-30,35008,0.19000053,0.19919062,0.2310119597190561,1.43,2.48,6.3179999999999925,0.2310119597190561,Normal
2022-09-30,36003,0.069999695,0.08924866,0.0881934039988583,0.4,0.62,1.58,0.0881934039988583,Normal
2022-09-30,36006,0.3800001,0.9369011,0.5352986400619498,6.35300000000001,10.832499999999982,22.2,0.5352986400619498,Normal
2022-09-30,36009,0.010000229,0.033890724,0.0125378091232629,0.31,0.55,1.43,0.0125378091232629,Normal
2022-09-30,36010,0.01999998,-0.002576828,-0.0225723627845817,0.31,0.61,1.833799999999992,0.0,Normal
2022-09-30,36011,0.21000004,0.0011606216,0.0898458008280088,0.48,0.84,2.197800000000006,0.0898458008280088,Normal
2022-09-30,36012,0.5900006,0.112654686,0.1573574003202583,2.44,3.29,4.68380000000001,0.1573574003202583,Normal
2022-09-30,37001,0.42000008,0.27094793,0.3033866597316997,4.726000000000021,7.992999999999993,16.4,0.3033866597316997,Normal
2022-09-30,37003,0.11999941,0.11430168,0.2468763075018163,0.64,1.14,3.1829999999999927,0.2468763075018163,Normal
2022-09-30,37005,0.25,0.36365223,0.2806281980315497,2.18,3.65,8.772999999999993,0.2806281980315497,Normal
2022-09-30,37008,0.32999992,0.20160484,0.3854011219962249,2.04,3.38,8.492099999999864,0.3854011219962249,Normal
2022-09-30,37009,0.2399993,0.15144062,0.2884192329745068,0.66,0.98,2.2212999999999923,0.2884192329745068,Normal
2022-09-30,37010,0.42000008,0.3841529,0.3748499687195275,2.4539999999999966,3.96,9.622399999999995,0.3748499687195275,Normal
2022-09-30,37011,0.07999992,0.12540579,0.0784142060551797,0.78,1.39,3.4815999999999985,0.0784142060551797,Normal
2022-09-30,37018,0.26000023,0.19567776,0.2824631800270836,0.68,1.08,2.34,0.2824631800270836,Normal
2022-09-30,37019,0.5,0.24944353,0.3291327578446512,0.72,1.15,2.53,0.3291327578446512,Normal
2022-09-30,37020,0.2399993,0.16586208,0.3481147848144874,1.41,2.4,5.693899999999976,0.3481147848144874,Normal
2022-09-30,37031,0.32000017,0.21526289,0.274373789332314,0.74,1.33,3.198700000000008,0.274373789332314,Normal
2022-09-30,37033,0.07999992,0.0927763,0.0597949252295709,0.12,0.18,0.43,0.0597949252295709,Normal
2022-09-30,38001,1.4700003,1.5785604,1.6940300878655687,9.15,13.8,29.01299999999992,1.6940300878655687,Normal
2022-09-30,38003,0.42999983,0.2932105,0.3196477116914471,0.84,1.03,1.531299999999992,0.3196477116914471,Normal
2022-09-30,38004,0.09000015,0.1699748,0.134055171621859,0.94,1.67,4.61,0.134055171621859,Normal
2022-09-30,38007,0.2399993,0.07972717,0.0852619441223445,0.4,0.63,1.5,0.0852619441223445,Normal
2022-09-30,38012,0.36000013,0.11983061,0.0964170712670438,0.24,0.4,0.87,0.0964170712670438,Normal
2022-09-30,38014,0.13999987,0.19741106,0.1452477522642293,0.41,0.67,1.5688999999999942,0.1452477522642293,Normal
2022-09-30,38017,0.03999996,0.06946421,0.0567668103647478,0.16,0.19,0.29,0.0567668103647478,Normal
2022-09-30,38018,0.6800003,0.7421069,0.7919438631356606,2.19,2.76,4.121299999999992,0.7919438631356606,Normal
2022-09-30,38021,0.069999695,0.11638355,0.0368855402080037,0.53,0.96,2.4,0.0368855402080037,Normal
2022-09-30,38029,0.029999733,0.06304312,-0.0025142736314669,0.29,0.5910000000000036,1.8,0.0,Normal
2022-09-30,38030,0.53999996,0.296916,0.2797229565736764,0.96,1.38,2.95,0.2797229565736764,Normal
2022-09-30,39001,4.75,22.47306,15.854659378655924,154.0,213.0,308.0,15.854659378655924,Normal
2022-09-30,39002,,7.3419085,12.745197462328749,67.63000000000011,97.3,143.1299999999992,12.745197462328749,Normal
2022-09-30,39004,,0.14741707,0.1302934102491821,0.37,0.49,0.9935000000000036,0.1302934102491821,Normal
2022-09-30,39005,0.71000004,0.53945684,0.4705541868932913,0.95,1.34,2.66,0.4705541868932913,Normal
2022-09-30,39006,0.9000001,0.7048483,1.0580623235284954,6.35,7.78,10.51649999999996,1.0580623235284954,Normal
2022-09-30,39007,1.3600001,1.326746,1.5800410665741014,6.06,8.45949999999999,15.83899999999976,1.5800410665741014,Normal
2022-09-30,39008,,2.3733244,3.156671169927089,32.7,45.5,70.5,3.156671169927089,Normal
2022-09-30,39010,3.9899998,1.9643221,2.380708553765213,6.8930000000000105,8.4,12.71299999999992,2.380708553765213,Normal
2022-09-30,39011,1.6399999,1.1785684,1.8384288604813888,5.233000000000011,7.05,14.5,1.8384288604813888,Normal
2022-09-30,39012,1.1999998,0.73320055,1.0421853562258008,1.66,2.2,4.05,1.0421853562258008,Normal
2022-09-30,39014,0.2399993,0.16544676,0.1979867062135291,0.77,0.97,1.571299999999992,0.1979867062135291,Normal
2022-09-30,39015,,0.16506386,0.3234826706893955,0.64,0.75,1.191299999999992,0.3234826706893955,Normal
2022-09-30,39016,3.94,3.0146751,2.8832164268715923,17.6,22.4,33.0,2.8832164268715923,Normal
2022-09-30,39017,0.0,-0.08097458,-0.0820386226393593,0.24,0.48,1.2610000000000037,0.0,Normal
2022-09-30,39019,,0.5693836,0.7897088905779359,2.92,3.44,5.0,0.7897088905779359,Normal
2022-09-30,39020,0.17000008,0.38144016,0.5358936125104284,2.7,3.24,4.301299999999992,0.5358936125104284,Normal
2022-09-30,39021,0.77,0.8047142,1.120512041426006,9.12300000000001,12.3,17.5,1.120512041426006,Normal
2022-09-30,39022,1.04,0.7403188,1.1791070691418952,3.8230000000000106,5.26,9.813899999999975,1.1791070691418952,Normal
2022-09-30,39023,0.9300003,0.41439104,0.2515505531728066,1.53,1.71,2.38,0.2515505531728066,Normal
2022-09-30,39025,,0.18255997,0.3550059055788206,2.91,4.516499999999996,9.96,0.3550059055788206,Normal
2022-09-30,39027,0.19999933,0.22567034,0.271990140788398,1.16,1.42,2.11,0.271990140788398,Normal
2022-09-30,39028,0.26000023,0.20888138,0.1161471193761424,1.32,1.55,2.031299999999992,0.1161471193761424,Normal
2022-09-30,39029,0.39999962,0.25621986,0.322311447969493,0.74,0.91,1.42,0.322311447969493,Normal
2022-09-30,39034,0.5199995,0.86854935,0.6539164650020237,8.77,11.864999999999965,17.81299999999992,0.6539164650020237,Normal
2022-09-30,39035,0.059999943,0.1124239,0.0058747452208835,2.28,2.8464999999999963,3.77,0.0058747452208835,Normal
2022-09-30,39036,0.10999966,0.063335896,0.0622471526010925,0.14,0.16,0.22,0.0622471526010925,Normal
2022-09-30,39037,0.09000015,0.1895647,0.3036477657280209,2.11,2.67,3.7,0.3036477657280209,Normal
2022-09-30,39042,0.099999905,0.17367649,0.0692623861115441,1.92,2.5,3.34,0.0692623861115441,Normal
2022-09-30,39049,0.4699998,0.31010246,0.3712547388316406,0.64,0.97,2.0,0.3712547388316406,Normal
2022-09-30,39052,0.36000013,0.04774809,0.1796344375897256,0.86,1.3,2.911299999999992,0.1796344375897256,Normal
2022-09-30,39054,0.3000002,0.123701096,0.1722856941406395,0.83,1.45,3.647600000000002,0.1722856941406395,Normal
2022-09-30,39056,0.3800001,0.28514576,0.1631130383489619,0.82,1.2,2.463099999999995,0.1631130383489619,Normal
2022-09-30,39061,0.05000019,0.025157452,0.0340901915037957,0.19,0.23,0.31,0.0340901915037957,Normal
2022-09-30,39065,0.010000229,0.028760433,0.0058147099545072,0.08,0.09,0.15,0.0058147099545072,Normal
2022-09-30,39069,1.7000003,0.43594933,1.3689074957091658,4.7,8.522999999999993,19.7,1.3689074957091658,Normal
2022-09-30,39072,12.69,18.289494,22.528866689514437,128.69999999999982,169.34999999999943,243.54000000000087,22.528866689514437,Normal
2022-09-30,39078,0.21999979,0.19531155,0.3478093237362556,1.52,2.21,4.097099999999991,0.3478093237362556,Normal
2022-09-30,39081,0.38999987,0.41613197,0.5397310309155908,3.54,5.348500000000003,8.961900000000005,0.5397310309155908,Normal
2022-09-30,39087,0.92000055,0.2829461,0.5320438313122883,2.5660000000000034,3.98,7.765200000000003,0.5320438313122883,Normal
2022-09-30,39088,0.26000023,0.24962234,0.1247151635324964,1.01,1.15,1.77,0.1247151635324964,Normal
2022-09-30,39095,,0.15823889,0.1225087594134241,0.31,0.47,0.9345000000000072,0.1225087594134241,Normal
2022-09-30,39099,0.010000229,0.11155319,0.1974559707306976,1.37,1.78,2.7307999999999995,0.1974559707306976,Normal
2022-09-30,39101,,0.02068615,-0.063949538330489,0.58,0.8709999999999946,1.09,0.0,Normal
2022-09-30,39105,0.52999926,0.4050231,0.3726914462133864,10.5,14.955000000000018,24.4,0.3726914462133864,Normal
2022-09-30,39108,0.069999695,0.1953497,0.129898280847777,1.6,1.91,2.504300000000003,0.129898280847777,Normal
2022-09-30,39114,0.010000229,0.029563427,0.0754863034517813,0.53,0.74,1.1982999999999993,0.0754863034517813,Normal
2022-09-30,39120,0.0,0.006980419,-0.0177738496465672,0.29,0.48,0.85,0.0,Normal
2022-09-30,39125,0.010000229,7.247925e-05,-0.0185506531778582,0.31,0.3934999999999991,0.77,0.0,Normal
2022-09-30,39127,0.03999996,0.027348518,0.0054886331966483,0.35,0.51,0.7134000000000015,0.0054886331966483,Normal
2022-09-30,39141,2.4099998,1.9090958,2.7650180025873574,12.1,17.5,31.07799999999997,2.7650180025873574,Normal
2022-09-30,39142,0.32999992,0.16123676,0.2388458905865723,1.36,1.63,2.0644000000000005,0.2388458905865723,Normal
2022-09-30,39143,0.19999933,0.17405987,0.088186452832507,2.2,2.74,3.570800000000004,0.088186452832507,Normal
2022-09-30,39144,0.11999941,0.26266956,0.4098326799610773,1.51,1.91,3.103599999999997,0.4098326799610773,Normal
2022-09-30,40003,2.83,4.3530188,4.991733773765845,24.492000000000008,44.12999999999993,108.0,4.991733773765845,Normal
2022-09-30,40004,0.27000046,0.5819936,0.7145007264578056,6.792000000000007,11.3,24.72099999999991,0.7145007264578056,Normal
2022-09-30,40005,0.099999905,0.13820696,0.3594269463431733,5.253000000000011,9.531499999999996,24.8,0.3594269463431733,Normal
2022-09-30,40006,0.09000015,0.09348345,-0.0381189380354603,0.67,1.12,3.3241999999999825,0.0,Normal
2022-09-30,40007,0.92000055,1.8123069,1.186523593806033,6.76,10.917999999999992,24.2140000000002,1.186523593806033,Normal
2022-09-30,40009,0.94000006,0.41255713,0.4645496782863531,2.51,4.29,10.83799999999992,0.4645496782863531,Normal
2022-09-30,4001,64.54,61.56202,64.63052086508594,103.7,122.6,198.1619999999999,64.63052086508594,Normal
2022-09-30,40010,0.28999996,0.553905,0.3374170534794644,4.18,7.2475,16.95,0.3374170534794644,Normal
2022-09-30,40011,1.3300004,0.8016782,1.0549962063898346,6.04,8.65,15.5,1.0549962063898346,Normal
2022-09-30,40012,0.069999695,0.14563131,0.3249924411937773,1.34,1.81,3.0,0.3249924411937773,Normal
2022-09-30,40013,0.32999992,0.21459484,0.5342057849924212,1.17,1.78,4.704399999999987,0.5342057849924212,Normal
2022-09-30,40016,0.27000046,0.3363638,0.3545175440996944,0.91,1.14,1.851299999999992,0.3545175440996944,Normal
2022-09-30,40017,0.069999695,0.16528606,0.0377282280804188,0.66,1.14,3.614400000000024,0.0377282280804188,Normal
2022-09-30,40018,0.19999933,0.16539478,0.3364385935732404,1.36,1.82,2.901299999999992,0.3364385935732404,Normal
2022-09-30,40020,0.46000004,0.35858727,0.4055279110876174,1.67,2.66,9.202000000000009,0.4055279110876174,Normal
2022-09-30,40021,0.07999992,0.09485197,0.0673016863891732,0.74,1.23,3.01,0.0673016863891732,Normal
2022-09-30,40022,0.13999987,0.22554016,0.4404196137836813,2.1490000000000022,2.5114999999999994,3.2026,0.4404196137836813,Normal
2022-09-30,4003,8.89,7.5261664,8.096783372307263,13.651000000000003,19.080999999999985,36.720200000000006,8.096783372307263,Normal
2022-09-30,40033,0.14999962,0.17503309,0.2949293474653209,0.8,0.98,1.45,0.2949293474653209,Normal
2022-09-30,4005,24.18,18.730417,18.756214594825128,16.614000000000004,24.572,46.28280000000007,18.756214594825128,Watch
2022-09-30,4006,21.69,14.779944,15.017824682214686,17.566000000000024,24.434,43.687600000000025,15.017824682214686,Normal
2022-09-30,41001,0.03999996,0.037272453,0.2493791358184309,0.4,0.77,2.501299999999992,0.2493791358184309,Normal
2022-09-30,41003,0.17000008,0.09990358,0.4111813307332009,3.2,5.04,14.089999999999964,0.4111813307332009,Normal
2022-09-30,41004,0.42000008,1.1059141,-0.0320756811338727,7.08,11.787000000000026,20.3,0.0,Normal
2022-09-30,41005,0.6700001,1.0334272,0.6195699256432855,5.007000000000007,7.643500000000004,17.254000000000087,0.6195699256432855,Normal
2022-09-30,41006,0.30999994,0.20927668,0.3186303122532067,2.34,3.95,11.92399999999987,0.3186303122532067,Normal
2022-09-30,41011,1.4299998,0.77599525,1.5215838901085637,4.2,6.24,12.6,1.5215838901085637,Normal
2022-09-30,41012,0.30999994,0.27723312,0.7107194702797031,2.82,4.887499999999999,14.154999999999928,0.7107194702797031,Normal
2022-09-30,41013,0.01999998,0.032642365,0.0106542109375946,0.35,0.64,1.735599999999995,0.0106542109375946,Normal
2022-09-30,41014,0.36000013,0.97284794,0.0331795890303958,15.2,32.150000000000006,76.9,0.0331795890303958,Normal
2022-09-30,41016,0.03999996,0.09114218,0.026019428725594,0.49,0.84,2.181299999999992,0.026019428725594,Normal
2022-09-30,41019,0.3800001,0.2526679,0.1588316930005193,4.1,6.87,18.620000000000072,0.1588316930005193,Normal
2022-09-30,41020,0.029999733,0.37506723,0.3576987557364786,1.21,2.18,5.3183,0.3576987557364786,Normal
2022-09-30,41022,0.09000015,0.11691666,0.0420463201318137,1.44,2.4164999999999965,5.735199999999968,0.0420463201318137,Normal
2022-09-30,41023,0.0,0.006529808,-0.0585099246808921,0.9,1.35,3.47,0.0,Normal
2022-09-30,41025,0.059999943,0.12005854,0.1126146706150119,2.64,5.05199999999997,16.076000000000022,0.1126146706150119,Normal
2022-09-30,41027,0.2800002,0.20753574,0.3004483227680397,0.96,1.48,3.428500000000022,0.3004483227680397,Normal
2022-09-30,41028,0.059999943,0.11518812,0.0093038462184327,0.7,1.21,2.85,0.0093038462184327,Normal
2022-09-30,41029,0.03999996,-0.012176037,-0.0407550924934528,1.09,1.86,5.127999999999993,0.0,Normal
2022-09-30,42001,0.17000008,0.13885736,-0.0355478648337549,1.63,2.52,5.532500000000001,0.0,Normal
2022-09-30,42003,,0.5112181,0.5634391623529621,2.65,4.331000000000004,8.59,0.5634391623529621,Normal
2022-09-30,42004,5.1,4.8933506,5.675490947135884,15.957000000000008,19.2,27.321100000000023,5.675490947135884,Normal
2022-09-30,42006,0.2300005,0.22049522,0.2908180701776789,1.99,2.46,3.75,0.2908180701776789,Normal
2022-09-30,42008,0.3499999,0.20228577,0.2996733075371972,1.03,1.25,2.091299999999992,0.2996733075371972,Normal
2022-09-30,42010,2.9300003,2.641437,3.281195371083939,7.91,9.26,12.603899999999976,3.281195371083939,Normal
2022-09-30,42011,0.2800002,0.14935112,0.1811277472196793,0.94,1.35,2.64,0.1811277472196793,Normal
2022-09-30,42016,3.2399998,2.2391005,2.1808785168223843,5.94,6.85,9.87,2.1808785168223843,Normal
2022-09-30,42024,2.8400002,2.3957686,2.8106441619170184,9.29,11.2,13.4,2.8106441619170184,Normal
2022-09-30,42026,0.010000229,0.34281826,0.1164950331226489,1.87,2.288499999999999,3.628500000000001,0.1164950331226489,Normal
2022-09-30,42027,0.46000004,0.470541,0.3026558290680947,2.6370000000000005,3.006999999999998,3.995500000000004,0.3026558290680947,Normal
2022-09-30,43005,0.9000001,0.6317735,0.8304471413271122,6.89,8.45,11.522599999999985,0.8304471413271122,Normal
2022-09-30,43006,0.80999947,0.7489767,0.776969947951193,5.97,7.6,11.091299999999991,0.776969947951193,Normal
2022-09-30,43007,2.3400002,2.4907484,3.4419856292212567,31.9,45.0,75.38800000000046,3.4419856292212567,Normal
2022-09-30,43008,0.9899998,0.8260498,0.8280144526230376,8.883000000000012,10.906499999999996,16.1,0.8280144526230376,Normal
2022-09-30,43009,0.6700001,0.7741575,0.4386591605955147,17.5,29.8,61.61299999999992,0.4386591605955147,Normal
2022-09-30,43014,0.47999954,0.3035698,0.3397251566209579,1.28,1.58,2.34,0.3397251566209579,Normal
2022-09-30,43017,0.099999905,0.16885996,0.1405743520629614,1.59,2.15,3.63,0.1405743520629614,Normal
2022-09-30,43018,0.40999985,0.312438,0.3910769819709648,4.64,5.64,7.9411999999999905,0.3910769819709648,Normal
2022-09-30,43021,5.26,6.2553873,4.789995846377286,40.0,56.0,85.59460000000004,4.789995846377286,Normal
2022-09-30,44001,2.44,2.1436968,2.3112967905472885,12.43,15.11,19.72,2.3112967905472885,Normal
2022-09-30,44002,0.78999996,0.4651432,0.7438452650545955,4.89,6.14,8.362599999999983,0.7438452650545955,Normal
2022-09-30,44006,0.059999943,0.05684471,0.0628880344691797,0.37,0.45,0.6,0.0628880344691797,Normal
2022-09-30,44009,0.099999905,0.07479906,0.1454400428428874,0.66,0.81,1.07,0.1454400428428874,Normal
2022-09-30,44011,0.27000046,0.061542988,0.2686432638184939,1.28,1.9,3.3796000000000004,0.2686432638184939,Normal
2022-09-30,45001,3.1400003,4.3442736,5.645894156439423,39.8,53.2,91.22599999999984,5.645894156439423,Normal
2022-09-30,45003,1.9200001,0.93231153,0.9993996831889148,8.053000000000011,12.2,24.3,0.9993996831889148,Normal
2022-09-30,45004,1.5500002,0.70385695,1.2180006296800472,11.2,18.1,38.42599999999984,1.2180006296800472,Normal
2022-09-30,45005,1.56,0.7576351,0.9644865305520636,6.3,9.902999999999992,22.0,0.9644865305520636,Normal
2022-09-30,45009,1.3400002,0.8971796,1.0865335680423782,10.9,14.8,24.6,1.0865335680423782,Normal
2022-09-30,45012,0.48999977,0.6369219,0.6087204665054365,9.1,14.1,28.13500000000004,0.6087204665054365,Normal
2022-09-30,46003,8.72,3.99456,5.3963904453766105,25.5,35.2,65.11299999999991,5.3963904453766105,Normal
2022-09-30,46005,1.9499993,1.3971825,1.4977689213696368,2.72,4.07,8.37129999999999,1.4977689213696368,Normal
2022-09-30,46008,0.94000006,1.1783032,1.481825618781619,8.36,11.5,20.631999999999973,1.481825618781619,Normal
2022-09-30,46014,1.4000001,1.1144204,0.5597799124520844,,,,0.5597799124520844,Normal
2022-09-30,47001,4.77,5.016694,5.870032863392775,57.1,82.16499999999996,145.0,5.870032863392775,Normal
2022-09-30,47004,1.4299998,2.1856923,2.4247894889257164,11.05,15.076499999999996,23.38519999999997,2.4247894889257164,Normal
2022-09-30,47005,0.32000017,0.66689396,0.5613297337586306,8.024999999999999,12.6475,24.98050000000001,0.5613297337586306,Normal
2022-09-30,47008,1.4700003,0.8070464,0.4414784942801544,6.0,8.72,16.2,0.4414784942801544,Normal
2022-09-30,47009,0.19999933,0.19582033,0.2357813543330985,2.5,3.37,5.231299999999992,0.2357813543330985,Normal
2022-09-30,47011,1.31,1.017448,1.2598013982712246,5.748000000000002,8.15199999999997,14.827999999999976,1.2598013982712246,Normal
2022-09-30,47014,2.12,0.9090457,1.1813944345073666,3.89,5.12,9.494000000000014,1.1813944345073666,Normal
2022-09-30,47018,0.5799999,0.45835972,0.4501214528189724,3.63,5.48,11.002000000000017,0.4501214528189724,Normal
2022-09-30,48003,0.77,0.73774576,0.928417156051944,4.64,6.06,8.84,0.928417156051944,Normal
2022-09-30,48004,0.32000017,0.3313427,0.2551154365239875,1.86,2.35,3.721299999999992,0.2551154365239875,Normal
2022-09-30,48005,0.10999966,0.04659033,0.0867946222454203,0.99,1.29,2.021299999999992,0.0867946222454203,Normal
2022-09-30,48011,1.6600003,1.8094401,1.3367953107831134,11.08,14.57,23.152599999999985,1.3367953107831134,Normal
2022-09-30,49001,,1.9839416,2.287449905042826,13.59,17.496499999999997,27.54,2.287449905042826,Normal
2022-09-30,49002,0.21999979,0.24825907,0.2313533088163824,2.24,2.7444999999999893,3.876900000000005,0.2313533088163824,Normal
2022-09-30,49004,0.21999979,0.122191906,0.2119333181160789,1.73,2.27,3.701299999999992,0.2119333181160789,Normal
2022-09-30,50001,2.33,4.1392736,2.9486126694992474,48.930000000000106,68.22999999999992,114.0,2.9486126694992474,Normal
2022-09-30,50002,2.6400003,3.5276399,2.800551105996315,40.9,61.46999999999989,116.0,2.800551105996315,Normal
2022-09-30,50006,1.6500001,3.1272836,3.7672815881152855,22.0,29.7,52.4,3.7672815881152855,Normal
2022-09-30,50007,0.65999985,0.47671175,0.5131164714789357,4.54,6.748999999999996,12.978000000000064,0.5131164714789357,Normal
2022-09-30,50008,1.0500002,0.488832,0.5594821948865756,4.202000000000007,6.386000000000004,13.0,0.5594821948865756,Normal
2022-09-30,50011,1.3600001,1.2068148,1.0452712644286024,6.18,9.097999999999992,18.7,1.0452712644286024,Normal
2022-09-30,5003,,35.006344,34.308092006675146,62.43,79.21199999999995,118.88800000000002,34.308092006675146,Normal
2022-09-30,51001,0.25,0.24935532,0.2613391817592979,2.36,3.28,5.76,0.2613391817592979,Normal
2022-09-30,52004,0.40999985,0.17902517,0.3368062492400615,3.14,4.846999999999989,9.948399999999964,0.3368062492400615,Normal
2022-09-30,52005,0.78999996,0.695138,0.5613090807602535,6.98,9.706499999999997,17.5,0.5613090807602535,Normal
2022-09-30,52006,0.38999987,0.32967997,0.2230999000486294,6.203000000000011,9.45,20.38,0.2230999000486294,Normal
2022-09-30,52007,0.2300005,0.17793274,0.4715664644879179,2.46,4.5864999999999965,8.831299999999992,0.4715664644879179,Normal
2022-09-30,52009,0.4499998,0.391634,0.522672533895393,2.28,2.8985000000000034,4.419399999999987,0.522672533895393,Normal
2022-09-30,52010,0.34000015,0.36199903,0.5876082872675136,5.0,6.91,12.121999999999934,0.5876082872675136,Normal
2022-09-30,52011,0.03999996,0.13811922,0.1565518825198229,2.08,3.51,7.2,0.1565518825198229,Normal
2022-09-30,52015,0.03999996,0.090652466,0.1421063185561065,0.57,0.78,1.25,0.1421063185561065,Normal
2022-09-30,52016,0.059999943,0.091891766,0.0630483402963181,0.45,0.59,0.97,0.0630483402963181,Normal
2022-09-30,53005,0.65999985,0.62747,0.7820163776643315,5.2,7.37,12.707399999999998,0.7820163776643315,Normal
2022-09-30,53006,0.69000006,0.6513529,0.1904544804657902,4.34,7.12,15.0,0.1904544804657902,Normal
2022-09-30,53007,0.86000013,0.61919355,0.7034177422841817,8.973000000000011,13.1,22.91299999999992,0.7034177422841817,Normal
2022-09-30,53008,0.3499999,0.31741667,0.2804302607861152,8.35300000000001,11.8,21.1,0.2804302607861152,Normal
2022-09-30,53009,0.46000004,0.3690486,0.472177745809428,2.91,4.0494999999999886,6.58380000000001,0.472177745809428,Normal
2022-09-30,53013,0.3000002,0.29000044,0.2314640648635108,2.61,3.73,6.812599999999984,0.2314640648635108,Normal
2022-09-30,53017,0.069999695,0.23825026,0.1493451551492611,1.4,2.1,4.07,0.1493451551492611,Normal
2022-09-30,53018,2.9700003,3.0383134,1.3776593990775732,51.661000000000186,71.9365,121.22599999999984,1.3776593990775732,Normal
2022-09-30,53022,3.0,3.304308,1.0336202979231657,50.57800000000001,70.41699999999999,120.06800000000004,1.0336202979231657,Normal
2022-09-30,53023,0.15999937,0.13944864,0.108471864604972,2.44,3.22,5.11,0.108471864604972,Normal
2022-09-30,53028,0.15999937,0.30598736,0.3539594019232388,4.09,5.01,8.216099999999969,0.3539594019232388,Normal
2022-09-30,54001,11.93,12.834381,17.1453270154783,145.0,199.0,301.9129999999999,17.1453270154783,Normal
2022-09-30,54002,5.98,5.0803366,5.55189759932953,35.610000000000035,56.40499999999992,107.0,5.55189759932953,Normal
2022-09-30,54003,0.6199999,1.5106454,1.864806927157981,4.92,7.65,17.522799999999986,1.864806927157981,Normal
2022-09-30,54004,3.9,0.8637519,1.3011358064625336,5.66,7.98,15.46299999999992,1.3011358064625336,Normal
2022-09-30,54005,11.06,11.85384,11.853954015991643,112.49000000000034,153.0,243.22599999999983,11.853954015991643,Normal
2022-09-30,54007,1.44,0.8576894,0.8189860514986539,5.36,8.71,19.9,0.8189860514986539,Normal
2022-09-30,54008,0.92000055,3.495841,4.547290995656439,36.4,53.2,84.95700000000016,4.547290995656439,Normal
2022-09-30,54011,0.8400006,0.5849991,0.6678029364665747,2.44,3.762999999999993,8.395200000000004,0.6678029364665747,Normal
2022-09-30,54012,3.27,1.9237304,1.8819921940487487,12.7,17.5,29.78500000000004,1.8819921940487487,Normal
2022-09-30,54015,0.13999987,0.43232775,0.8988123288719441,2.237000000000007,4.17,10.23,0.8988123288719441,Normal
2022-09-30,54016,0.5600004,0.56771326,0.3926482734772805,4.47,6.43,9.4,0.3926482734772805,Normal
2022-09-30,54017,0.30999994,0.25882483,0.945162514108916,4.233000000000011,7.851499999999996,16.975199999999965,0.945162514108916,Normal
2022-09-30,54018,0.30999994,0.46038866,0.6431327327979764,4.08,6.17,11.653500000000005,0.6431327327979764,Normal
2022-09-30,54019,0.8200002,0.870718,0.8539061828164229,5.7,8.643999999999997,17.3,0.8539061828164229,Normal
2022-09-30,54020,0.52999926,0.46674204,0.7329280176721802,3.31,4.71,8.081299999999992,0.7329280176721802,Normal
2022-09-30,54022,,1.0653477,1.0797699471863031,1.25,1.95,3.86,1.0797699471863031,Normal
2022-09-30,54024,0.6300001,0.36842394,0.5117341224013239,2.15,2.94,5.19,0.5117341224013239,Normal
2022-09-30,54025,0.55000067,0.5534258,0.3785042472515584,3.7130000000000103,5.36,8.701299999999991,0.3785042472515584,Normal
2022-09-30,54027,0.6500001,0.66039324,0.8621954083043666,4.76,5.86,8.36,0.8621954083043666,Normal
2022-09-30,54028,14.940001,8.701102,8.14168801213045,49.98,72.01199999999997,134.92599999999985,8.14168801213045,Normal
2022-09-30,54029,1.4599996,4.5085316,6.703864568608537,41.9,61.4,111.0,6.703864568608537,Normal
2022-09-30,54032,17.84,22.865786,24.784363361587456,222.0,286.0,380.25,24.784363361587456,Normal
2022-09-30,54034,0.05000019,0.08733463,0.0459977933899224,0.95,1.54,3.2859999999999854,0.0459977933899224,Normal
2022-09-30,54036,0.11999941,0.11901522,0.1685457504266429,1.38,2.02,4.512000000000007,0.1685457504266429,Normal
2022-09-30,54038,3.5,2.0940762,3.030361809827483,15.9,22.8,38.9,3.030361809827483,Normal
2022-09-30,54044,0.64000034,0.36979628,0.3815435801930454,1.3970000000000071,1.8,2.9327000000000045,0.3815435801930454,Normal
2022-09-30,54048,0.07999992,0.04766178,0.0062608181879231,1.45,2.35,5.155999999999967,0.0062608181879231,Normal
2022-09-30,54049,0.43999958,0.08125162,0.0523157898995724,5.15,8.414499999999999,18.04380000000001,0.0523157898995724,Normal
2022-09-30,54052,0.14999962,0.20220709,0.2053534150196966,0.61,0.87,1.55,0.2053534150196966,Normal
2022-09-30,54057,36.75,34.291996,41.76053296138265,262.6000000000004,364.0,482.0,41.76053296138265,Normal
2022-09-30,54060,,0.08549309,0.696465956251539,0.23,0.33,0.9281999999999972,0.696465956251539,Warning
2022-09-30,54063,1.3200002,1.1793666,1.0458875158511394,1.88,2.59,5.37,1.0458875158511394,Normal
2022-09-30,54080,4.28,4.2620792,4.398972736023824,16.7,22.44399999999999,33.6748,4.398972736023824,Normal
2022-09-30,54095,12.59,11.313306,15.749601924024052,147.0,205.0,314.0,15.749601924024052,Normal
2022-09-30,54096,0.14999962,0.18687677,0.2550215083390837,0.62,0.84,2.2977999999999974,0.2550215083390837,Normal
2022-09-30,55002,,10.643745,17.884113481526114,114.76000000000022,162.46499999999995,284.62599999999986,17.884113481526114,Normal
2022-09-30,55007,19.3,11.203689,12.865198415290658,97.83000000000013,134.0,236.0,12.865198415290658,Normal
2022-09-30,55008,3.73,0.8267288,0.8777190121850899,1.66,2.5,5.06,0.8777190121850899,Normal
2022-09-30,55013,0.2800002,0.41550398,0.4162167829192794,5.52,7.76,14.082599999999983,0.4162167829192794,Normal
2022-09-30,55014,0.5100007,0.51166105,1.0329092160466715,8.77,11.8,19.7,1.0329092160466715,Normal
2022-09-30,55016,1.1100001,1.4936271,2.182805305685413,21.23000000000011,31.2,54.6,2.182805305685413,Normal
2022-09-30,55018,0.21999979,0.21278238,0.064460505271313,2.59,4.3125,9.39,0.064460505271313,Normal
2022-09-30,55021,0.61000013,0.85586834,1.247559938887953,13.05,17.9,31.309999999999857,1.247559938887953,Normal
2022-09-30,55023,9.6,14.404018,12.39769604952824,179.0,254.0,406.0,12.39769604952824,Normal
2022-09-30,55025,0.069999695,0.3191023,0.5287479789411675,5.53,7.73,14.5,0.5287479789411675,Normal
2022-09-30,55026,9.27,3.3728428,4.066344636792897,17.1,24.364999999999963,42.8,4.066344636792897,Normal
2022-09-30,55029,0.53999996,0.83128643,0.5806356966669937,14.1,20.889499999999988,45.4,0.5806356966669937,Normal
2022-09-30,55032,2.7399998,3.2099972,3.336271858229184,13.268999999999997,22.248999999999977,44.71490000000011,3.336271858229184,Normal
2022-09-30,56001,4.49,5.2141695,6.089436290914912,67.5,95.5,173.3899999999976,6.089436290914912,Normal
2022-09-30,56002,1.9200001,1.5298915,2.2811853850246573,17.28,24.235000000000017,41.04380000000003,2.2811853850246573,Normal
2022-09-30,56007,1.1399999,1.020915,0.9963233374026712,2.4439999999999964,3.78,7.489400000000005,0.9963233374026712,Normal
2022-09-30,56012,0.3000002,0.5101371,0.665770884872296,4.653999999999996,6.23,9.992199999999992,0.665770884872296,Normal
2022-09-30,56013,0.39999962,0.84356356,0.6158322624008696,4.682000000000008,6.6,11.595200000000004,0.6158322624008696,Normal
2022-09-30,57004,2.88,1.235642,1.7204076334296,11.039000000000032,16.55,30.95649999999996,1.7204076334296,Normal
2022-09-30,57005,17.9,9.260242,11.606752365328584,46.4,71.1,135.0,11.606752365328584,Normal
2022-09-30,57006,9.75,6.679242,7.335702225297273,13.8,20.2,39.1,7.335702225297273,Normal
2022-09-30,57007,2.23,1.9059663,2.6526811897860134,16.0,23.4,44.96479999999996,2.6526811897860134,Normal
2022-09-30,57008,2.0700002,1.2677274,2.0200345399585133,13.19,19.175999999999984,36.04880000000005,2.0200345399585133,Normal
2022-09-30,57009,3.4,1.9191294,1.942997099772744,10.8,15.0,26.765999999999984,1.942997099772744,Normal
2022-09-30,58001,7.36,4.2264977,4.587833945658005,14.95,20.3,34.422099999999865,4.587833945658005,Normal
2022-09-30,58002,10.64,5.157316,6.283820916731108,23.69,35.37,68.18559999999987,6.283820916731108,Normal
2022-09-30,58006,3.31,1.88867,2.409743983280788,7.63,10.985999999999986,20.96860000000001,2.409743983280788,Normal
2022-09-30,58008,3.1599998,2.2672086,2.586606040748088,4.931000000000004,7.15,13.7641,2.586606040748088,Normal
2022-09-30,58009,0.77,0.45982265,0.4335777111794071,3.95,5.39,9.79129999999999,0.4335777111794071,Normal
2022-09-30,58010,1.52,0.50949144,0.5510015225719179,1.65,2.64,5.319100000000008,0.5510015225719179,Normal
2022-09-30,58012,8.65,4.627223,5.592289746366111,11.823000000000002,16.781499999999998,30.146399999999996,5.592289746366111,Normal
2022-09-30,59001,19.84,8.264388,10.208634162230934,29.177000000000007,41.98250000000002,80.94900000000055,10.208634162230934,Normal
2022-09-30,60002,15.67,9.815068,12.270872856473732,27.586,38.38599999999999,70.50719999999998,12.270872856473732,Normal
2022-09-30,60003,3.4,3.0881329,3.750973897915288,16.90300000000001,23.25849999999997,41.97389999999997,3.750973897915288,Normal
2022-09-30,60005,2.77,2.1183186,2.200648198047204,5.735,8.23,15.555,2.200648198047204,Normal
2022-09-30,60006,6.76,2.9318604,3.53389278564945,11.653000000000011,16.13,29.09039999999993,3.53389278564945,Normal
2022-09-30,60010,32.15,20.848791,23.01380924517286,94.365,131.425,217.375,23.01380924517286,Normal
2022-09-30,60012,1.69,0.97719526,0.936282898736892,1.86,2.68,4.82,0.936282898736892,Normal
2022-09-30,6007,57.93,85.641426,91.3176393884316,183.7,241.96499999999924,356.41900000000004,91.3176393884316,Normal
2022-09-30,6008,2.1599998,5.628704,5.442903150229525,8.511000000000003,12.6,25.026100000000007,5.442903150229525,Normal
2022-09-30,61001,,1.4634876,1.4372346261752609,12.2,16.0,25.91299999999992,1.4372346261752609,Normal
2022-09-30,61002,4.65,3.2135868,3.560883181546548,13.403000000000011,18.102999999999994,32.373000000000026,3.560883181546548,Normal
2022-09-30,62001,18.02,13.508576,15.693208474779478,67.14900000000003,88.93,147.6779999999995,15.693208474779478,Normal
2022-09-30,63001,10.58,8.754616,9.147334318589914,14.493999999999996,20.60699999999999,35.507000000000005,9.147334318589914,Normal
2022-09-30,63004,4.47,2.3775306,1.949982180022671,5.1,7.45,15.844099999999845,1.949982180022671,Normal
2022-09-30,64001,37.93,21.530468,21.684679732153093,55.858000000000025,79.5785,148.6310000000001,21.684679732153093,Normal
2022-09-30,64002,8.52,4.6265397,4.552364688286333,9.85,12.9725,22.440499999999997,4.552364688286333,Normal
2022-09-30,64006,,2.14892,2.425088300088123,3.5330000000000106,4.59,7.569099999999944,2.425088300088123,Normal
2022-09-30,65001,36.1,14.933498,15.334260423956808,13.67,19.6265,35.948199999999886,15.334260423956808,Watch
2022-09-30,65004,6.21,3.3487096,3.6219153707337033,5.21,6.907000000000007,11.21,3.6219153707337033,Normal
2022-09-30,65005,1.69,0.94345236,0.9978766297193448,1.2960000000000036,1.82,3.163600000000006,0.9978766297193448,Normal
2022-09-30,65006,10.96,5.9406705,6.466239456711823,10.81,14.88399999999998,24.329400000000003,6.466239456711823,Normal
2022-09-30,65007,14.38,7.4699383,7.948036741600125,5.867000000000007,8.11,14.5,7.948036741600125,Watch
2022-09-30,65008,8.12,3.8547544,3.960807671135026,2.9,4.38,8.262799999999988,3.960807671135026,Watch
2022-09-30,66001,1.9299998,1.3432426,2.2733660689032518,14.6,19.9,32.7,2.2733660689032518,Normal
2022-09-30,66004,0.3499999,0.24200487,0.2917414130175991,1.38,1.69,2.54,0.2917414130175991,Normal
2022-09-30,66006,4.69,2.1709428,2.914226343872192,10.75,14.75,26.200000000000077,2.914226343872192,Normal
2022-09-30,66011,81.64,42.01892,41.51465060401422,45.29500000000005,67.39449999999995,131.92599999999985,41.51465060401422,Normal
2022-09-30,67001,8.4,9.895772,11.375103688602566,29.83600000000002,38.6465,60.635599999999904,11.375103688602566,Normal
2022-09-30,67005,0.8299999,0.9596391,1.1274639573809986,6.99,9.648999999999978,17.2,1.1274639573809986,Normal
2022-09-30,67006,5.94,5.1351824,5.345564044868883,11.53,15.83,29.207799999999956,5.345564044868883,Normal
2022-09-30,67008,1.27,0.768342,0.6687342349617306,5.52,7.459499999999989,12.92599999999984,0.6687342349617306,Normal
2022-09-30,67010,2.77,1.9469495,1.9180046909200743,1.8,2.85,5.17,1.9180046909200743,Watch
2022-09-30,67015,14.559999,19.599985,21.93692879743457,70.15300000000002,91.7925,145.32599999999985,21.93692879743457,Normal
2022-09-30,67018,9.21,6.9489117,7.179973395879276,7.92,11.722999999999994,22.683899999999976,7.179973395879276,Normal
2022-09-30,67025,,0.45167065,0.5606519938801557,2.79,3.92,7.709299999999985,0.5606519938801557,Normal
2022-09-30,67033,,15.591013,20.16083845575882,92.786,121.95499999999996,178.9660000000001,20.16083845575882,Normal
2022-09-30,68001,4.73,1.9458914,2.509814095312358,12.1,17.3,31.951499999999974,2.509814095312358,Normal
2022-09-30,68003,3.6599998,2.3644438,3.52471154122406,11.5,16.2,27.8,3.52471154122406,Normal
2022-09-30,68004,0.86000013,0.25961542,0.2745326788654749,1.55,2.2,4.475999999999986,0.2745326788654749,Normal
2022-09-30,68005,0.3499999,0.46402168,1.0831770498407844,3.34,4.69,8.16,1.0831770498407844,Normal
2022-09-30,68020,0.43999958,0.6115217,0.6525542490409716,2.36,3.6,8.142999999999994,0.6525542490409716,Normal
2022-09-30,69002,30.79,17.583527,17.694173506015968,36.0,50.3,88.14299999999984,17.694173506015968,Normal
2022-09-30,69007,14.699999,7.0480194,9.306088067203088,27.55,38.204000000000015,68.24759999999995,9.306088067203088,Normal
2022-09-30,69012,1.71,0.71064234,0.7580818058164543,2.45,3.27,5.773899999999994,0.7580818058164543,Normal
2022-09-30,69015,2.33,1.905499,2.374346421866786,7.54,10.8,21.01200000000008,2.374346421866786,Normal
2022-09-30,69017,1.9700003,1.1994495,1.4624275835285698,9.35,13.3,24.0,1.4624275835285698,Normal
2022-09-30,69023,7.96,3.3378377,3.442771576706435,10.4,14.2,26.2,3.442771576706435,Normal
2022-09-30,69027,5.64,2.4303308,2.832031687250124,8.135000000000002,11.4,21.470000000000077,2.832031687250124,Normal
2022-09-30,69030,7.48,2.312624,2.340431795061632,5.467000000000007,7.57,13.23700000000008,2.340431795061632,Normal
2022-09-30,69032,6.51,2.1149807,2.297670003355819,2.82,3.96,6.896800000000003,2.297670003355819,Normal
2022-09-30,69043,4.9700003,1.0108824,1.4154860974607573,3.15,4.375999999999994,7.941600000000008,1.4154860974607573,Normal
2022-09-30,70002,,4.1325927,5.531834259446089,8.1,11.2,20.21900000000005,5.531834259446089,Normal
2022-09-30,7001,46.760002,19.345137,20.087673302312563,31.72,46.953,89.86649999999996,20.087673302312563,Normal
2022-09-30,7002,44.85,16.3004,16.500618580883586,42.83,62.02249999999998,115.42599999999985,16.500618580883586,Normal
2022-09-30,7003,2.3000002,1.6855888,1.451057299588349,4.93,7.306499999999996,15.582599999999983,1.451057299588349,Normal
2022-09-30,7005,3.06,1.9975266,1.888640156196756,5.96,8.983499999999994,19.74449999999998,1.888640156196756,Normal
2022-09-30,7006,,0.33197784,0.3116872553728276,0.71,1.11,2.444100000000008,0.3116872553728276,Normal
2022-09-30,71001,37.71,13.635641,15.429314287174726,81.5300000000001,120.0,213.0,15.429314287174726,Normal
2022-09-30,71004,10.46,4.2864075,5.64521227624291,20.1,28.7,53.3,5.64521227624291,Normal
2022-09-30,71006,16.89,13.016984,12.714044705689076,34.733999999999995,51.19699999999999,93.32839999999996,12.714044705689076,Normal
2022-09-30,71008,19.85,9.227558,8.583470547946952,21.4,31.8,64.23099999999995,8.583470547946952,Normal
2022-09-30,71014,,3.910389,4.496304652703428,8.07,11.5,23.668000000000028,4.496304652703428,Normal
2022-09-30,72002,15.7,6.5707664,7.707477551939403,15.9,23.5,43.72599999999984,7.707477551939403,Normal
2022-09-30,72004,82.31,39.44266,38.84642386579843,88.5300000000001,132.0,241.0,38.84642386579843,Normal
2022-09-30,72005,40.160004,24.385965,24.474814343944832,24.3,36.5,66.3,24.474814343944832,Watch
2022-09-30,72007,1.6200004,0.89494467,0.8933240161662837,1.97,2.9834999999999674,6.00380000000001,0.8933240161662837,Normal
2022-09-30,72009,4.64,1.7951221,1.8424356667747208,10.825000000000037,16.852500000000017,34.38810000000011,1.8424356667747208,Normal
2022-09-30,72014,2.1599998,1.1537476,1.1993468158960117,1.62,2.36,4.51,1.1993468158960117,Normal
2022-09-30,72015,27.0,16.4052,16.154328487484598,15.778000000000011,24.48499999999998,46.52789999999994,16.154328487484598,Watch
2022-09-30,73005,32.28,20.534727,20.98121850168744,21.5,29.4,51.9649999999996,20.98121850168744,Normal
2022-09-30,73009,10.07,5.6883154,5.764004662304199,4.64,6.803999999999996,12.1,5.764004662304199,Watch
2022-09-30,73010,13.77,15.057882,15.394541332277504,32.67900000000004,41.3265,59.01129999999999,15.394541332277504,Normal
2022-09-30,73011,8.59,7.2868285,7.471222463906437,5.97,8.52,15.75800000000003,7.471222463906437,Watch
2022-09-30,73014,23.8,17.978855,17.797674299599436,12.77,18.31199999999999,32.12039999999999,17.797674299599436,Watch
2022-09-30,73015,0.6700001,0.43693113,0.4699254105821024,1.29,1.97,3.77,0.4699254105821024,Normal
2022-09-30,74001,39.67,30.452461,31.13341144170187,12.2,17.0,30.5,31.13341144170187,Severe
2022-09-30,74005,37.7,22.473072,23.14704534120968,11.8,16.4,28.40100000000002,23.14704534120968,Warning
2022-09-30,74006,21.54,12.427498,12.521012357167344,4.032000000000007,5.781000000000004,10.9,12.521012357167344,Severe
2022-09-30,74007,33.3,21.592716,22.325624796796408,10.5,15.2,28.53099999999995,22.325624796796408,Warning
2022-09-30,75003,14.44,21.909473,21.00309879032702,40.08,52.25,76.81400000000002,21.00309879032702,Normal
2022-09-30,75004,24.05,17.611631,17.73547861137635,12.633000000000012,17.126499999999997,28.729099999999946,17.73547861137635,Warning
2022-09-30,75017,7.29,6.957113,6.895278072023203,5.23,7.31,13.5,6.895278072023203,Watch
2022-09-30,76003,,18.937199,19.609696118256142,33.5,47.06,87.32099999999996,19.609696118256142,Normal
2022-09-30,76005,32.43,30.139904,31.135513258170008,33.7,52.5,106.0,31.135513258170008,Normal
2022-09-30,76007,63.1,58.298843,59.83603775676339,116.32000000000008,162.24000000000012,294.1319999999996,59.83603775676339,Normal
2022-09-30,76008,15.42,10.996566,11.699990401769774,17.8,27.2,54.3,11.699990401769774,Normal
2022-09-30,76011,0.11999941,0.085579395,0.0462072625150779,0.12,0.19,0.4,0.0462072625150779,Normal
2022-09-30,76014,10.58,2.7786865,2.723922083790241,6.343000000000011,10.2,22.1,2.723922083790241,Normal
2022-09-30,77002,78.07,39.83737,38.896913468556974,41.68900000000004,59.090499999999935,106.12599999999983,38.896913468556974,Normal
2022-09-30,77003,64.57,29.148888,28.749133773456496,25.35,37.47449999999999,72.8281,28.749133773456496,Watch
2022-09-30,77004,7.61,3.2613907,3.26327115163523,4.51,6.793999999999996,12.623199999999995,3.26327115163523,Normal
2022-09-30,78003,83.82,42.638077,41.15062825106519,71.18300000000002,97.9325,163.03899999999976,41.15062825106519,Normal
2022-09-30,78004,14.88,8.25786,8.786473551376028,7.23,10.726499999999996,20.060399999999937,8.786473551376028,Watch
2022-09-30,78006,36.76,15.2804165,16.041146084178955,21.194,29.9,52.062000000000026,16.041146084178955,Normal
2022-09-30,79002,59.940002,37.835915,35.21946658306348,70.71,97.1595,161.2,35.21946658306348,Normal
2022-09-30,79003,12.39,18.066853,18.309183988776308,16.44,23.17949999999999,38.88649999999996,18.309183988776308,Watch
2022-09-30,79004,16.39,14.213257,14.492220231139676,14.406000000000022,21.1165,37.20039999999993,14.492220231139676,Watch
2022-09-30,79005,17.56,14.234321,14.121425564311036,20.19300000000001,28.6265,51.229099999999946,14.121425564311036,Normal
2022-09-30,79006,38.27,36.400627,37.16886407911523,45.04200000000005,64.09599999999999,106.8,37.16886407911523,Normal
2022-09-30,80001,14.62,8.51032,8.086492005723857,15.35300000000001,21.19,37.94259999999999,8.086492005723857,Normal
2022-09-30,80002,65.09,47.622887,44.752622321457466,102.83000000000013,125.10499999999992,168.60400000000007,44.752622321457466,Normal
2022-09-30,80003,1.9299998,1.6826224,1.7396128351129971,1.13,1.67,2.6803999999999903,1.7396128351129971,Warning
2022-09-30,80004,0.8800006,0.99317646,0.9597695499120464,0.56,0.84,1.3460999999999967,0.9597695499120464,Warning
2022-09-30,80005,1.2900004,0.8690748,0.8651059128546411,0.41,0.61,1.099899999999998,0.8651059128546411,Warning
2022-09-30,80006,2.42,2.51334,2.6663662987222083,2.645,3.33,4.61,2.6663662987222083,Watch
2022-09-30,8004,30.72,16.10992,16.93404367552738,26.47600000000002,37.0465,68.48779999999995,16.93404367552738,Normal
2022-09-30,8005,53.740005,19.69393,21.637609924147217,57.87300000000001,80.57249999999999,138.50799999999873,21.637609924147217,Normal
2022-09-30,8006,84.54,66.18713,64.52370534625932,124.5,162.2,253.41299999999995,64.52370534625932,Normal
2022-09-30,8009,17.42,7.287201,7.4111929987265555,13.303000000000011,19.3265,37.398599999999824,7.4111929987265555,Normal
2022-09-30,8011,2.13,1.6791091,1.8372044739372624,4.01,5.62,11.08760000000002,1.8372044739372624,Normal
2022-09-30,8013,36.14,8.197405,8.596863453971228,15.977999999999998,23.297999999999984,43.57599999999999,8.596863453971228,Normal
2022-09-30,81002,83.0,42.96517,41.809556502604295,39.94300000000001,57.19949999999999,100.5,41.809556502604295,Watch
2022-09-30,81003,37.29,22.898024,23.210977508157047,16.89,24.5365,43.116899999999895,23.210977508157047,Watch
2022-09-30,81004,26.34,18.9075,18.34200220245797,25.96100000000001,35.71549999999999,59.71129999999988,18.34200220245797,Normal
2022-09-30,81006,44.25,27.35398,27.639720071563733,19.54799999999999,27.525499999999983,45.74760000000002,27.639720071563733,Warning
2022-09-30,81007,18.14,11.097147,11.44497006390962,8.7,13.355,24.63550000000041,11.44497006390962,Watch
2022-09-30,82001,20.05,10.356897,10.863903515546648,16.45,24.4865,44.44649999999996,10.863903515546648,Normal
2022-09-30,82003,52.950005,25.870525,26.68993773605683,26.04200000000001,37.48799999999999,67.02400000000023,26.68993773605683,Watch
2022-09-30,83003,21.03,11.710236,12.145481468628164,13.29,19.512999999999995,34.39,12.145481468628164,Normal
2022-09-30,83004,15.47,14.470591,14.340099532573753,15.063999999999997,22.22199999999993,41.633999999999936,14.340099532573753,Normal
2022-09-30,83006,48.300003,29.752066,31.09570878891014,40.9,61.6379999999999,106.04400000000004,31.09570878891014,Normal
2022-09-30,83007,,4.30319,4.302706366729289,4.58,6.886000000000004,12.083600000000024,4.302706366729289,Normal
2022-09-30,83009,24.22,17.324886,16.084669890459207,16.335,25.04,48.623,16.084669890459207,Normal
2022-09-30,83010,12.31,12.948646,13.106097872562056,6.3,9.23,16.919000000000015,13.106097872562056,Warning
2022-09-30,83013,28.14,18.55457,18.027045753514727,17.343999999999998,26.065999999999995,45.69760000000001,18.027045753514727,Watch
2022-09-30,84001,16.86,7.6357074,8.391986835446135,19.657000000000007,27.2235,44.51540000000001,8.391986835446135,Normal
2022-09-30,84004,22.3,24.13053,23.21319417464528,44.17,60.35499999999996,106.55199999999968,23.21319417464528,Normal
2022-09-30,84005,56.79,49.54351,49.3403529233083,105.4,144.6,239.6319999999989,49.3403529233083,Normal
2022-09-30,84008,3.7600002,3.1513515,3.1245897762063466,4.168000000000011,6.173999999999996,11.4208,3.1245897762063466,Normal
2022-09-30,84009,5.55,6.6178083,6.862650298877351,4.17,6.11,10.957000000000008,6.862650298877351,Warning
2022-09-30,84012,13.39,10.564365,9.455239924865625,17.79,25.5,45.76559999999991,9.455239924865625,Normal
2022-09-30,84013,59.630005,52.25685,51.5730320979649,115.68999999999996,159.3,260.77100000000047,51.5730320979649,Normal
2022-09-30,84014,28.58,27.177584,27.495852648328093,20.73,31.1,58.128500000000095,27.495852648328093,Watch
2022-09-30,84016,0.7199998,1.5066204,1.2531653397473097,2.0,3.0,5.831299999999992,1.2531653397473097,Normal
2022-09-30,84017,9.67,9.880295,10.029276642603635,12.50300000000001,16.2065,22.991299999999992,10.029276642603635,Normal
2022-09-30,84018,24.54,25.545164,22.66171804736766,60.14300000000001,80.23,133.53899999999976,22.66171804736766,Normal
2022-09-30,84019,3.0299997,3.0785117,2.731988008596027,5.61,8.135000000000002,15.184000000000012,2.731988008596027,Normal
2022-09-30,84020,9.31,5.376274,5.332108118391109,5.19,7.7,13.903300000000073,5.332108118391109,Watch
2022-09-30,84022,6.39,8.288016,8.3719007606186,7.31,10.66,19.718400000000017,8.3719007606186,Watch
2022-09-30,84026,3.42,3.1380816,2.8403300563574634,3.2320000000000078,4.55,8.374399999999987,2.8403300563574634,Normal
2022-09-30,84030,9.81,7.874382,7.518753637988064,9.32,13.43,24.696699999999964,7.518753637988064,Normal
2022-09-30,85001,21.779999,23.39155,25.88306505936887,90.15,104.45,130.05499999999992,25.88306505936887,Normal
2022-09-30,85002,24.48,12.786433,13.146003818359988,19.992000000000008,29.27,52.64080000000001,13.146003818359988,Normal
2022-09-30,85003,35.06,30.266693,29.63933419855947,16.658999999999995,24.69899999999998,45.770900000000005,29.63933419855947,Warning
2022-09-30,85004,9.21,17.232132,16.82783043288765,6.85300000000001,9.77,16.09010000000002,16.82783043288765,Severe
2022-09-30,88001,17.45,25.853077,26.1227751381482,6.97,9.99,16.237999999999982,26.1227751381482,Severe
2022-09-30,89002,23.87,18.36873,18.0776847409716,12.282000000000007,19.130999999999982,35.08160000000003,18.0776847409716,Watch
2022-09-30,89003,57.589996,54.699753,54.46789168454257,60.14,91.23,177.9,54.46789168454257,Normal
2022-09-30,89005,14.68,18.095858,17.77708752504532,11.848,17.61899999999996,40.7849999999998,17.77708752504532,Warning
2022-09-30,89007,7.42,6.67463,6.289346152715537,4.306999999999998,6.02,10.4516999999999,6.289346152715537,Warning
2022-09-30,90003,30.990002,14.000368,14.606775140273978,16.116000000000003,23.34,43.59000000000001,14.606775140273978,Normal
2022-09-30,9002,14.23,10.37295,11.469072873554785,32.12,45.11,86.8293999999997,11.469072873554785,Normal
2022-09-30,9003,3.25,2.053687,2.434661957189342,5.33,7.97,17.60789999999999,2.434661957189342,Normal
2022-09-30,9004,2.4899998,1.8271437,1.8897397628263612,5.91,7.473499999999994,13.108099999999986,1.8897397628263612,Normal
2022-09-30,9005,2.0,1.7302694,1.8090042984507164,2.96,4.56,9.743899999999975,1.8090042984507164,Normal
2022-09-30,92001,18.71,19.655052,19.6761350647441,44.33100000000003,52.778500000000015,66.6998,19.6761350647441,Normal
2022-09-30,93001,28.3,30.509857,30.79542788139241,26.550999999999995,37.5035,73.13700000000004,30.79542788139241,Watch
2022-09-30,94001,30.35,28.661903,29.274354385932075,63.27300000000001,76.19649999999997,104.33099999999996,29.274354385932075,Normal
2022-09-30,95001,10.04,12.838169,12.529081694964646,16.6,20.19449999999999,29.60540000000001,12.529081694964646,Normal
2022-09-30,96001,10.59,9.613801,8.874202075516513,13.061000000000003,19.675499999999992,36.48819999999989,8.874202075516513,Normal
2022-09-30,96002,29.2,32.766434,33.11015684578276,36.93500000000004,50.096500000000034,83.83119999999995,33.11015684578276,Normal
2022-09-30,96004,28.5,18.488335,19.51274533343044,18.05,26.78,51.157699999999984,19.51274533343044,Watch
2022-09-30,97002,16.25,7.234046,7.083327124891689,20.78,29.78,52.61500000000018,7.083327124891689,Normal
